course_id,title,info
S20240000899,수능특강 200% 활용 공부법자막,강의 탑재일 25.02.24 강의시간 16:38
S20240000899,"01강 [개념] 독서의 본질 1, 3자막",강의 탑재일 25.01.23 강의시간 72:14
S20240000899,"02강 [개념] 독서의 본질 2, 독서의 방법1자막",강의 탑재일 25.01.20 강의시간 75:28
S20240000899,"03강 [개념] 독서의 방법 2, 3자막",강의 탑재일 25.01.23 강의시간 76:21
S20240000899,"04강 [개념] 독서의 방법 4, 5자막",강의 탑재일 25.01.23 강의시간 59:36
S20240000899,"05강 [개념] 독서의 분야 1, 2자막",강의 탑재일 25.01.23 강의시간 64:02
S20240000899,"06강 [개념] 독서의 분야 3, 독서의 태도1자막",강의 탑재일 25.02.03 강의시간 65:17
S20240000899,"07강 [적용] 독서의 태도 2, 인문·예술 1자막",강의 탑재일 25.02.03 강의시간 77:46
S20240000899,"08강 [적용] 인문·예술 2, 3자막",강의 탑재일 25.02.03 강의시간 70:34
S20240000899,"09강 [적용] 인문·예술 4, 5자막",강의 탑재일 25.02.06 강의시간 65:49
S20240000899,"10강 [적용] 인문·예술 6, 7자막",강의 탑재일 25.02.06 강의시간 79:22
S20240000899,"11강 [적용] 인문·예술 8, 9자막",강의 탑재일 25.02.06 강의시간 67:12
S20240000899,"12강 [적용] 인문·예술 10, 12자막",강의 탑재일 25.02.13 강의시간 82:46
S20240000899,"13강 [적용] 인문·예술 11, 13자막",강의 탑재일 25.02.17 강의시간 70:01
S20240000899,"14강 [적용] 사회·문화 1, 2자막",강의 탑재일 25.02.17 강의시간 77:50
S20240000899,"15강 [적용] 사회·문화 3, 4자막",강의 탑재일 25.02.17 강의시간 80:05
S20240000899,"16강 [적용] 사회·문화 5, 6자막",강의 탑재일 25.02.24 강의시간 75:09
S20240000899,"17강 [적용] 사회·문화 7, 8자막",강의 탑재일 25.02.24 강의시간 72:48
S20240000899,"18강 [적용] 사회·문화 9, 10자막",강의 탑재일 25.02.24 강의시간 75:21
S20240000899,"19강 [적용] 사회·문화 11, 12자막",강의 탑재일 25.03.04 강의시간 67:18
S20240000899,"20강 [적용] 사회·문화 13, 과학·기술 1자막",강의 탑재일 25.03.05 강의시간 77:04
S20240000899,21강 [적용] 과학·기술 2자막,강의 탑재일 25.02.27 강의시간 65:40
S20240000899,"22강 [적용] 과학·기술 3, 4자막",강의 탑재일 25.03.05 강의시간 77:24
S20240000899,23강 [적용] 과학·기술 5자막,강의 탑재일 25.03.10 강의시간 63:38
S20240000899,24강 [적용] 과학·기술 6자막,강의 탑재일 25.03.10 강의시간 54:58
S20240000899,"25강 [적용] 과학·기술 7, 8자막",강의 탑재일 25.03.13 강의시간 78:45
S20240000899,26강 [적용] 과학·기술 9자막,강의 탑재일 25.03.18 강의시간 58:39
S20240000899,27강 [적용] 과학·기술 10자막,강의 탑재일 25.03.18 강의시간 50:56
S20240000899,28강 [적용] 과학·기술 11자막,강의 탑재일 25.03.18 강의시간 55:34
S20240000899,"29강 [적용] 과학·기술 12, 주제 통합 2자막",강의 탑재일 25.03.20 강의시간 73:26
S20240000899,30강 [적용] 과학 기술 13자막,강의 탑재일 25.03.20 강의시간 60:35
S20240000899,31강 [적용] 주제 통합 1자막,강의 탑재일 25.03.20 강의시간 55:18
S20240000899,32강 [적용] 주제 통합 3자막,강의 탑재일 25.03.25 강의시간 66:38
S20240000899,33강 [적용] 주제 통합 4자막,강의 탑재일 25.03.25 강의시간 51:32
S20240000899,34강 [적용] 주제 통합 5자막,강의 탑재일 25.03.27 강의시간 64:13
S20240000899,35강 [적용] 주제 통합 6자막,강의 탑재일 25.03.27 강의시간 66:30
S20240000899,36강 [적용] 주제 통합 7자막,강의 탑재일 25.04.03 강의시간 60:33
S20240000899,37강 [적용] 주제 통합 8자막,강의 탑재일 25.04.03 강의시간 56:58
S20240000899,38강 [적용] 주제 통합 9자막,강의 탑재일 25.04.07 강의시간 65:44
S20240000899,39강 [적용] 주제 통합 10자막,강의 탑재일 25.04.07 강의시간 61:05
S20240000899,40강 [적용] 주제 통합 11자막,강의 탑재일 25.04.10 강의시간 73:22
S20240000899,41강 [적용] 주제 통합 12,강의 탑재일 25.04.16 강의시간 72:02
S20240000899,42강 [실전] 실전 학습 1회 (1),강의 탑재일 25.04.10 강의시간 60:57
S20240000899,43강 [실전] 실전 학습 1회 (2),강의 탑재일 25.04.18 강의시간 77:04
S20240000899,44강 [실전] 실전 학습 2회 (1),강의 탑재일 25.04.17 강의시간 75:18
S20240000899,45강 [실전] 실전 학습 2회 (2),강의 탑재일 25.04.17 강의시간 76:30
S20250000002,수능특강 200% 활용 공부법자막,강의 탑재일 25.02.24 강의시간 16:38
S20250000002,"01강 [개념_시] 1, 2자막",강의 탑재일 25.02.04 강의시간 81:12
S20250000002,"02강 [개념] 시 9, 수필 6자막",강의 탑재일 25.02.06 강의시간 65:20
S20250000002,"03강 [개념] 소설 3, 7자막",강의 탑재일 25.02.04 강의시간 67:33
S20250000002,"04강 [개념] 소설 4, 극 5, 8자막",강의 탑재일 25.02.13 강의시간 75:29
S20250000002,"05강 [적용] 고전 시가 1, 5자막",강의 탑재일 25.02.13 강의시간 75:43
S20250000002,"06강 [적용] 고전 시가 2, 3, 4자막",강의 탑재일 25.02.13 강의시간 78:40
S20250000002,07강 [적용] 고전 시가 6자막,강의 탑재일 25.02.21 강의시간 80:49
S20250000002,"08강 [적용] 고전 시가 7, 10자막",강의 탑재일 25.02.21 강의시간 67:15
S20250000002,"09강 [적용] 고전 시가 9, 11자막",강의 탑재일 25.02.24 강의시간 78:18
S20250000002,10강 [적용] 고전 시가 8,강의 탑재일 25.04.23 강의시간 92:27
S20250000002,"11강 [적용] 현대시 1, 2자막",강의 탑재일 25.02.27 강의시간 76:29
S20250000002,"12강 [적용] 현대시 3, 4자막",강의 탑재일 25.03.05 강의시간 72:56
S20250000002,"13강 [적용] 현대시 5, 6자막",강의 탑재일 25.03.11 강의시간 67:58
S20250000002,"14강 [적용] 현대시 7, 8자막",강의 탑재일 25.03.13 강의시간 71:19
S20250000002,"15강 [적용] 현대시 9, 10자막",강의 탑재일 25.03.13 강의시간 73:07
S20250000002,"16강 [적용] 현대시 11, 고전 산문 1자막",강의 탑재일 25.03.24 강의시간 82:52
S20250000002,"17강 [적용] 고전 산문 2, 3자막",강의 탑재일 25.03.28 강의시간 79:07
S20250000002,"18강 [적용] 고전 산문 4, 5자막",강의 탑재일 25.04.04 강의시간 81:48
S20250000002,"19강 [적용] 고전 산문 6, 9자막",강의 탑재일 25.04.07 강의시간 76:22
S20250000002,"20강 [적용] 고전 산문 7, 10자막",강의 탑재일 25.04.11 강의시간 73:00
S20250000002,"21강 [적용] 고전 산문 8, 11",강의 탑재일 25.04.15 강의시간 77:56
S20250000002,"22강 [적용] 현대 소설 1, 2",강의 탑재일 25.04.17 강의시간 76:39
S20250000002,"23강 [적용] 현대 소설 3,4",강의 탑재일 25.04.23 강의시간 69:19
S20250000002,"24강 [적용] 현대 소설 5, 6",강의 탑재일 25.04.22 강의시간 66:08
S20250000002,"25강 [적용] 현대 소설 7, 8",강의 탑재일 25.04.28 강의시간 73:20
S20250000002,"26강 [적용] 현대 소설 9, 10",오픈예정
S20250000002,"27강 [적용] 현대 소설 11, 극 1",오픈예정
S20240000896,오리엔테이션자막,강의 탑재일 25.02.03 강의시간 6:10
S20240000896,"01강 [교과서 개념] 1, 2자막",강의 탑재일 25.01.23 강의시간 68:39
S20240000896,"02강 [교과서 개념] 3, 4자막",강의 탑재일 25.01.23 강의시간 78:31
S20240000896,"03강 [교과서 개념] 5, 6자막",강의 탑재일 25.01.23 강의시간 66:26
S20240000896,"04강 [교과서 개념] 7, 8자막",강의 탑재일 25.01.31 강의시간 79:47
S20240000896,"05강 [교과서 개념] 9, [고전 시가] 01자막",강의 탑재일 25.01.31 강의시간 70:09
S20240000896,"06강 [고전 시가] 02, 03, 04자막",강의 탑재일 25.01.31 강의시간 75:20
S20240000896,"07강 [고전 시가] 05, 06자막",강의 탑재일 25.02.03 강의시간 75:02
S20240000896,"08강 [고전 시가] 07, 08자막",강의 탑재일 25.02.03 강의시간 77:01
S20240000896,"09강 [고전 시가] 09, 10자막",강의 탑재일 25.02.10 강의시간 80:52
S20240000896,"10강 [고전 시가] 11, [현대시] 01자막",강의 탑재일 25.02.10 강의시간 75:52
S20240000896,"11강 [현대시] 02, 03자막",강의 탑재일 25.02.10 강의시간 79:07
S20240000896,"12강 [현대시] 04, 05자막",강의 탑재일 25.02.19 강의시간 80:02
S20240000896,"13강 [현대시] 06, 07자막",강의 탑재일 25.02.17 강의시간 86:14
S20240000896,"14강 [현대시] 08, 09자막",강의 탑재일 25.02.19 강의시간 79:26
S20240000896,"15강 [현대시] 10, 11자막",강의 탑재일 25.02.19 강의시간 79:33
S20240000896,"16강 [고전 산문] 01, 02자막",강의 탑재일 25.02.21 강의시간 80:05
S20240000896,"17강 [고전 산문] 03, 04자막",강의 탑재일 25.02.21 강의시간 63:42
S20240000896,"18강 [고전 산문] 05, 06자막",강의 탑재일 25.02.27 강의시간 80:34
S20240000896,"19강 [고전 산문] 07, 08자막",강의 탑재일 25.02.27 강의시간 86:58
S20240000896,"20강 [고전 산문] 09, 10자막",강의 탑재일 25.02.27 강의시간 81:37
S20240000896,"21강 [고전 산문] 11, [현대 소설] 01자막",강의 탑재일 25.03.05 강의시간 85:21
S20240000896,"22강 [현대 소설] 02, 03자막",강의 탑재일 25.03.05 강의시간 93:02
S20240000896,"23강 [현대 소설] 04, 05자막",강의 탑재일 25.03.04 강의시간 93:12
S20240000896,24강 [현대 소설] 06. 07자막,강의 탑재일 25.03.10 강의시간 91:17
S20240000896,"25강 [현대 소설] 08, 09자막",강의 탑재일 25.03.10 강의시간 80:49
S20240000896,"26강 [현대 소설] 10, 11자막",강의 탑재일 25.03.10 강의시간 82:14
S20240000896,"27강 [극-수필] 01, 02, 03자막",강의 탑재일 25.03.13 강의시간 90:10
S20240000896,"28강 [극-수필] 04, 05, 06자막",강의 탑재일 25.03.14 강의시간 85:28
S20240000896,"29강 [극-수필] 07, 08자막",강의 탑재일 25.03.14 강의시간 71:15
S20240000896,"30강 [갈래 복합] 01, 11자막",강의 탑재일 25.03.17 강의시간 88:37
S20240000896,31강 [갈래 복합] 02자막,강의 탑재일 25.03.17 강의시간 73:18
S20240000896,32강 [갈래 복합] 03자막,강의 탑재일 25.03.17 강의시간 74:00
S20240000896,33강 [갈래 복합] 04자막,강의 탑재일 25.03.19 강의시간 79:40
S20240000896,34강 [갈래 복합] 05자막,강의 탑재일 25.03.19 강의시간 77:02
S20240000896,35강 [갈래 복합] 06자막,강의 탑재일 25.03.20 강의시간 73:22
S20240000896,36강 [갈래 복합] 07자막,강의 탑재일 25.03.27 강의시간 67:57
S20240000896,37강 [갈래 복합] 08자막,강의 탑재일 25.03.27 강의시간 72:41
S20240000896,38강 [갈래 복합] 09자막,강의 탑재일 25.03.27 강의시간 61:59
S20240000896,39강 [갈래 복합] 10자막,강의 탑재일 25.04.03 강의시간 73:28
S20240000896,"40강 [실전-1회] 01~04번, 05~10번자막",강의 탑재일 25.04.11 강의시간 92:21
S20240000896,"41강 [실전-1회] 11~14번, 15~17번자막",강의 탑재일 25.04.10 강의시간 62:39
S20240000896,"42강 [실전-2회] 01~04번, 05~10번자막",강의 탑재일 25.04.14 강의시간 85:55
S20240000896,"43강 [실전-2회] 11~14번, 15~17번 <완강♥>자막",강의 탑재일 25.04.14 강의시간 84:24
S20240000902,오리엔테이션자막,강의 탑재일 25.02.04 강의시간 8:20
S20240000902,"01강 개념학습 01, 02(1) (8~19쪽)자막",강의 탑재일 25.01.23 강의시간 71:47
S20240000902,"02강 개념학습 02(2), 03 (20~31쪽)자막",강의 탑재일 25.01.23 강의시간 66:31
S20240000902,"03강 적용학습 화법 01, 02 (34~47쪽)자막",강의 탑재일 25.01.31 강의시간 65:58
S20240000902,"04강 적용학습 화법 03, 04 (48~60쪽)자막",강의 탑재일 25.01.31 강의시간 67:42
S20240000902,"05강 적용학습 화법 05, 06 (61~72쪽)자막",강의 탑재일 25.01.31 강의시간 60:55
S20240000902,"06강 적용학습 화법 07, 08 (73~84쪽)자막",강의 탑재일 25.02.04 강의시간 68:07
S20240000902,"07강 적용학습 작문 01, 02 (85~97쪽)자막",강의 탑재일 25.02.06 강의시간 67:05
S20240000902,"08강 적용학습 작문 03, 04 (98~109쪽)자막",강의 탑재일 25.02.04 강의시간 70:58
S20240000902,"09강 적용학습 작문 05, 06 (110~121쪽)자막",강의 탑재일 25.02.06 강의시간 62:59
S20240000902,"10강 적용학습 작문 07, 08 (122~133쪽)자막",강의 탑재일 25.02.06 강의시간 59:26
S20240000902,"11강 적용학습 통합 01, 02 (134~143쪽)자막",강의 탑재일 25.02.06 강의시간 57:20
S20240000902,"12강 적용학습 통합 03, 04 (144~153쪽)자막",강의 탑재일 25.02.12 강의시간 56:33
S20240000902,"13강 적용학습 통합 05, 06 (154~162쪽)자막",강의 탑재일 25.02.11 강의시간 62:18
S20240000902,"14강 적용학습 통합 07, 08 (163~171쪽)자막",강의 탑재일 25.02.12 강의시간 64:56
S20240000902,"15강 적용학습 통합 09, 10 (172~181쪽)자막",강의 탑재일 25.02.12 강의시간 67:51
S20240000902,"16강 적용학습 통합 11, 12 (182~193쪽)자막",강의 탑재일 25.02.12 강의시간 62:17
S20240000902,"17강 적용학습 통합 13, 14 (194~204쪽)자막",강의 탑재일 25.02.12 강의시간 65:54
S20240000902,"18강 적용학습 통합 15, 16 (205~215쪽)자막",강의 탑재일 25.02.17 강의시간 63:05
S20240000902,19강 실전 01 (218~228쪽)자막,강의 탑재일 25.02.17 강의시간 66:14
S20240000902,20강 실전 02 (229~240쪽)자막,강의 탑재일 25.02.18 강의시간 61:19
S20240000904,오리엔테이션자막,강의 탑재일 25.01.31 강의시간 9:29
S20240000904,01강 [언어] 음운 (1)자막,강의 탑재일 25.01.21 강의시간 72:06
S20240000904,02강 [언어] 음운 (2)자막,강의 탑재일 25.01.21 강의시간 63:22
S20240000904,03강 [언어] 단어 (1)자막,강의 탑재일 25.01.22 강의시간 72:00
S20240000904,04강 [언어] 단어 (2)자막,강의 탑재일 25.01.22 강의시간 66:26
S20240000904,05강 [언어] 문장 (1)자막,강의 탑재일 25.01.23 강의시간 62:42
S20240000904,06강 [언어] 문장 (2)자막,강의 탑재일 25.01.31 강의시간 72:12
S20240000904,07강 [언어] 문장 (3)자막,강의 탑재일 25.01.31 강의시간 59:09
S20240000904,08강 [언어] 담화·국어사 (1)자막,강의 탑재일 25.01.31 강의시간 65:03
S20240000904,09강 [언어] 담화·국어사 (2)자막,강의 탑재일 25.02.08 강의시간 73:39
S20240000904,10강 [언어] 종합 (1)자막,강의 탑재일 25.02.04 강의시간 65:51
S20240000904,11강 [언어] 종합 (2)자막,강의 탑재일 25.02.04 강의시간 66:14
S20240000904,12강 [언어] 종합 (3)자막,강의 탑재일 25.02.04 강의시간 60:05
S20240000904,"13강 [매체] 개념, 적용 (1)자막",강의 탑재일 25.02.04 강의시간 69:45
S20240000904,14강 [매체] 적용 (2)자막,강의 탑재일 25.02.04 강의시간 62:26
S20240000904,15강 [매체] 적용 (3)자막,강의 탑재일 25.02.06 강의시간 59:03
S20240000904,16강 [매체] 적용 (4)자막,강의 탑재일 25.02.06 강의시간 54:23
S20240000904,"17강 [매체] 적용 (5), [언어·매체] 통합 (1)자막",강의 탑재일 25.02.06 강의시간 63:09
S20240000904,18강 [언어·매체] 통합 (2)자막,강의 탑재일 25.02.10 강의시간 60:41
S20240000904,19강 [언어·매체] 실전 학습 1회자막,강의 탑재일 25.02.21 강의시간 55:32
S20240000904,20강 [언어·매체] 실전 학습 2회자막,강의 탑재일 25.02.17 강의시간 55:03
S20240000908,오리엔테이션자막,강의 탑재일 25.01.23 강의시간 16:16
S20240000908,"01강 지수와 로그 개념, 예제, 유제(1)자막",강의 탑재일 25.01.23 강의시간 49:31
S20240000908,"02강 지수와 로그 개념, 예제, 유제(2)자막",강의 탑재일 25.01.24 강의시간 46:47
S20240000908,"03강 지수와 로그 개념, 예제, 유제(3)자막",강의 탑재일 25.01.24 강의시간 46:00
S20240000908,"04강 지수와 로그 개념,예제,유제(4)자막",강의 탑재일 25.02.07 강의시간 48:55
S20240000908,05강 지수와 로그 Level 1자막,강의 탑재일 25.02.07 강의시간 46:38
S20240000908,06강 지수와 로그 Level 2(1)자막,강의 탑재일 25.02.07 강의시간 54:48
S20240000908,"07강 지수와 로그 Level 2(2), Level 3(1)자막",강의 탑재일 25.02.12 강의시간 57:53
S20240000908,08강 지수와 로그 Level 3(2)자막,강의 탑재일 25.02.12 강의시간 45:56
S20240000908,"09강 지수함수와 로그함수 개념,예제,유제(1)자막",강의 탑재일 25.02.12 강의시간 45:39
S20240000908,"10강 지수함수와 로그함수 개념,예제,유제(2)자막",강의 탑재일 25.02.20 강의시간 46:38
S20240000908,"11강 지수함수와 로그함수 개념, 예제, 유제(3)자막",강의 탑재일 25.02.21 강의시간 46:40
S20240000908,"12강 지수함수와 로그함수 개념, 예제, 유제(4)자막",강의 탑재일 25.02.21 강의시간 46:09
S20240000908,13강 지수함수와 로그함수 Level 1자막,강의 탑재일 25.02.21 강의시간 46:45
S20240000908,14강 지수함수와 로그함수 Level 2(1)자막,강의 탑재일 25.03.01 강의시간 46:01
S20240000908,15강 지수함수와 로그함수 Level 2(2)자막,강의 탑재일 25.03.01 강의시간 49:50
S20240000908,"16강 지수함수와 로그함수 Level 2(3), Level 3자막",강의 탑재일 25.03.01 강의시간 46:49
S20240000908,"17강 삼각함수 개념, 예제, 유제(1)자막",강의 탑재일 25.03.01 강의시간 46:17
S20240000908,"18강 삼각함수 개념, 예제, 유제(2)자막",강의 탑재일 25.03.05 강의시간 47:29
S20240000908,"19강 삼각함수 개념, 예제, 유제(3)자막",강의 탑재일 25.03.05 강의시간 46:09
S20240000908,"20강 삼각함수 개념, 예제, 유제(4)자막",강의 탑재일 25.03.05 강의시간 45:47
S20240000908,21강 삼각함수 Level 1자막,강의 탑재일 25.03.05 강의시간 45:36
S20240000908,22강 삼각함수 Level 2(1)자막,강의 탑재일 25.03.10 강의시간 45:46
S20240000908,23강 삼각함수 Level 2(2)자막,강의 탑재일 25.03.10 강의시간 45:43
S20240000908,"24강 삼각함수 Level 2(3), Level 3(1)자막",강의 탑재일 25.03.10 강의시간 46:37
S20240000908,"25강 삼각함수 Level 3(2), 사인법칙과 코사인법칙 개념, 예제, 유제(1)자막",강의 탑재일 25.03.10 강의시간 45:47
S20240000908,"26강 사인법칙과 코사인 법칙 개념, 예제, 유제(2)자막",강의 탑재일 25.03.11 강의시간 45:38
S20240000908,"27강 사인법칙과 코사인 법칙 개념, 예제, 유제(3)자막",강의 탑재일 25.03.11 강의시간 45:31
S20240000908,"28강 사인법칙과 코사인 법칙 개념, 예제, 유제(4)자막",강의 탑재일 25.03.11 강의시간 45:30
S20240000908,"29강 사인법칙과 코사인 법칙 Level 1, Level 2(1)자막",강의 탑재일 25.03.11 강의시간 45:56
S20240000908,30강 사인법칙과 코사인 법칙 Level 2(2)자막,강의 탑재일 25.03.17 강의시간 45:50
S20240000908,31강 사인법칙과 코사인 법칙 Level 3자막,강의 탑재일 25.03.17 강의시간 51:32
S20240000908,"32강 등차수열과 등비수열 개념, 예제, 유제(1)자막",강의 탑재일 25.03.17 강의시간 46:30
S20240000908,"33강 등차수열과 등비수열 개념, 예제, 유제(2)자막",강의 탑재일 25.03.18 강의시간 46:25
S20240000908,34강 등차수열과 등비수열 Level 1자막,강의 탑재일 25.03.18 강의시간 45:34
S20240000908,35강 등차수열과 등비수열 Level 2(1)자막,강의 탑재일 25.03.18 강의시간 46:10
S20240000908,"36강 등차수열과 등비수열 Level 2(2), Level 3자막",강의 탑재일 25.03.18 강의시간 47:29
S20240000908,"37강 수열의 합과 수학적 귀납법 개념, 예제, 유제(1)자막",강의 탑재일 25.03.18 강의시간 45:49
S20240000908,"38강 수열의 합과 수학적 귀납법 개념, 예제, 유제(2)자막",강의 탑재일 25.03.24 강의시간 47:29
S20240000908,"39강 수열의 합과 수학적 귀납법 개념, 예제, 유제(3)자막",강의 탑재일 25.03.24 강의시간 45:53
S20240000908,"40강 수열의 합과 수학적 귀납법 개념, 예제, 유제(4)자막",강의 탑재일 25.03.24 강의시간 48:05
S20240000908,"41강 수열의 합과 수학적 귀납법 Level 1, Level 2(1)",강의 탑재일 25.03.24 강의시간 45:25
S20240000908,42강 수열의 합과 수학적 귀납법 Level 2(2),강의 탑재일 25.03.25 강의시간 47:59
S20240000908,"43강 수열의 합과 수학적 귀납법 Level 2(3), Level 3",강의 탑재일 25.03.25 강의시간 45:35
S20240000908,44강 2025학년도 대수능 분석(1),강의 탑재일 25.03.25 강의시간 45:42
S20240000908,45강 2025학년도 대수능 분석(2),강의 탑재일 25.03.25 강의시간 45:33
S20240000909,휘리릭 보고 또 보는 수능특강 수학 Ⅰ자막,강의 탑재일 25.01.22 강의시간 6:12
S20240000909,01강 2025학년도 대수능 분석 및 2026학년도 대수능 출제 예상자막,강의 탑재일 25.01.20 강의시간 51:47
S20240000909,02강 지수와 로그(1)자막,강의 탑재일 25.01.20 강의시간 46:20
S20240000909,03강 지수와 로그(2)자막,강의 탑재일 25.01.20 강의시간 49:53
S20240000909,04강 지수함수와 로그함수(1)자막,강의 탑재일 25.01.20 강의시간 47:10
S20240000909,05강 지수함수와 로그함수(2)자막,강의 탑재일 25.01.20 강의시간 52:37
S20240000909,06강 삼각함수(1)자막,강의 탑재일 25.01.23 강의시간 46:24
S20240000909,07강 삼각함수(2)자막,강의 탑재일 25.01.29 강의시간 45:58
S20240000909,08강 삼각함수(3)자막,강의 탑재일 25.01.29 강의시간 49:30
S20240000909,09강 사인법칙과 코사인법칙(1)자막,강의 탑재일 25.01.29 강의시간 49:46
S20240000909,10강 사인법칙과 코사인법칙(2)자막,강의 탑재일 25.01.29 강의시간 46:20
S20240000909,11강 등차수열과 등비수열(1)자막,강의 탑재일 25.01.29 강의시간 47:56
S20240000909,12강 등차수열과 등비수열(2)자막,강의 탑재일 25.02.03 강의시간 47:15
S20240000909,13강 등차수열과 등비수열(3)자막,강의 탑재일 25.02.03 강의시간 46:59
S20240000909,14강 수열의 합과 수학적 귀납법(1)자막,강의 탑재일 25.02.03 강의시간 45:59
S20240000909,15강 수열의 합과 수학적 귀납법(2)자막,강의 탑재일 25.02.03 강의시간 46:52
S20240000912,반짝★ 확통의 우주에서 오리엔테이션자막,강의 탑재일 25.01.23 강의시간 4:43
S20240000912,01강 원순열 & 중복순열자막,강의 탑재일 25.01.15 강의시간 48:39
S20240000912,02강 같은 것이 있는 순열자막,강의 탑재일 25.01.15 강의시간 48:41
S20240000912,03강 반짝★ 여러 가지 순열  Lv. 1자막,강의 탑재일 25.01.15 강의시간 48:39
S20240000912,04강 반짝★ 여러 가지 순열 Lv. 2자막,강의 탑재일 25.01.15 강의시간 48:39
S20240000912,05강 반짝★ 여러 가지 순열 Lv. 3자막,강의 탑재일 25.01.17 강의시간 48:40
S20240000912,06강 중복조합자막,강의 탑재일 25.01.17 강의시간 48:40
S20240000912,07강 중복조합의 활용자막,강의 탑재일 25.01.17 강의시간 48:40
S20240000912,08강 이항정리자막,강의 탑재일 25.01.17 강의시간 48:41
S20240000912,09강 별별★ 중복조합과 이항정리 Lv. 1자막,강의 탑재일 25.02.03 강의시간 48:41
S20240000912,10강 별별★ 중복조합과 이항정리 Lv. 2자막,강의 탑재일 25.02.03 강의시간 48:38
S20240000912,11강 별별★ 중복조합과 이항정리 Lv. 3자막,강의 탑재일 25.02.03 강의시간 48:45
S20240000912,12강 여러 가지 사건과 확률의 뜻자막,강의 탑재일 25.02.03 강의시간 48:42
S20240000912,13강 확률의 덧셈정리 & 여사건의 확률자막,강의 탑재일 25.02.04 강의시간 48:43
S20240000912,14강 우주로★ 확률의 뜻과 활용 Lv. 1자막,강의 탑재일 25.02.04 강의시간 49:02
S20240000912,15강 우주로★ 확률의 뜻과 활용 Lv. 2자막,강의 탑재일 25.02.04 강의시간 48:39
S20240000912,16강 우주로★ 확률의 뜻과 활용 Lv. 3자막,강의 탑재일 25.02.04 강의시간 48:41
S20240000912,17강 조건부확률 & 확률의 곱셈정리자막,강의 탑재일 25.02.05 강의시간 48:42
S20240000912,18강 사건의 독립과 종속자막,강의 탑재일 25.02.05 강의시간 48:56
S20240000912,19강 독립시행의 확률자막,강의 탑재일 25.02.05 강의시간 48:40
S20240000912,20강 도전★ 조건부확률 Lv. 1자막,강의 탑재일 25.02.05 강의시간 48:36
S20240000912,21강 도전★ 조건부확률 Lv. 2자막,강의 탑재일 25.02.12 강의시간 48:43
S20240000912,22강 도전★ 조건부확률 Lv. 3자막,강의 탑재일 25.02.12 강의시간 48:45
S20240000912,23강 이산확률변수의 평균자막,강의 탑재일 25.02.12 강의시간 48:39
S20240000912,"24강 이산확률변수의 분산, 표준편차자막",강의 탑재일 25.02.12 강의시간 48:46
S20240000912,25강 이산확률변수 변환 & 이항분포자막,강의 탑재일 25.02.13 강의시간 48:36
S20240000912,26강 다 된다★ 이산확률변수 Lv. 1자막,강의 탑재일 25.02.13 강의시간 48:52
S20240000912,27강 다 된다★ 이산확률변수 Lv. 2자막,강의 탑재일 25.02.13 강의시간 48:42
S20240000912,28강 다 된다★ 이산확률변수 Lv. 3자막,강의 탑재일 25.02.13 강의시간 49:17
S20240000912,29강 연속확률변수와 확률밀도함수자막,강의 탑재일 25.02.20 강의시간 48:39
S20240000912,30강 정규분포 & 표준정규분포자막,강의 탑재일 25.02.20 강의시간 48:40
S20240000912,31강 이항분포에서 정규분포로,강의 탑재일 25.02.20 강의시간 48:42
S20240000912,32강 다 왔다♥ 연속확률변수 Lv. 1,강의 탑재일 25.02.20 강의시간 48:39
S20240000912,33강 다 왔다♥ 연속확률변수 Lv. 2,강의 탑재일 25.02.21 강의시간 48:44
S20240000912,34강 다 왔다♥ 연속확률변수 Lv. 3,강의 탑재일 25.02.21 강의시간 48:39
S20240000912,35강 표본평균의 확률분포,강의 탑재일 25.02.21 강의시간 48:38
S20240000912,36강 표본평균이 정규분포를 따를 때,강의 탑재일 25.02.21 강의시간 48:40
S20240000912,37강 모평균의 추정,강의 탑재일 25.02.26 강의시간 48:41
S20240000912,38강 우주정복♥ 통계적 추정 Lv. 1,강의 탑재일 25.03.01 강의시간 48:39
S20240000912,39강 우주정복♥ 통계적 추정 Lv. 2,강의 탑재일 25.03.01 강의시간 48:43
S20240000912,40강 우주정복♥ 통계적 추정 Lv. 3,강의 탑재일 25.03.01 강의시간 48:56
S20240000021,"01강 합의 법칙, 곱의 법칙자막",강의 탑재일 24.03.25 강의시간 43:52
S20240000021,"02강 순열의 뜻, 순열 Top 5자막",강의 탑재일 24.03.25 강의시간 43:54
S20240000021,"03강 조합의 뜻, 조합 Top 5자막",강의 탑재일 24.03.25 강의시간 50:12
S20240000021,04강 원순열자막,강의 탑재일 24.03.26 강의시간 46:28
S20240000021,"05강 중복순열의 뜻, 호텔문제자막",강의 탑재일 24.03.25 강의시간 44:00
S20240000021,"06강 같은 것을 포함하는 순열, 최단 경로의 수자막",강의 탑재일 24.03.26 강의시간 47:53
S20240000021,"07강 길이 훼손된 경우, 여러 가지 순열 Level 1자막",강의 탑재일 24.03.30 강의시간 46:41
S20240000021,08강 여러 가지 순열 Level 2자막,강의 탑재일 24.03.30 강의시간 46:58
S20240000021,09강 여러 가지 순열 Level 3자막,강의 탑재일 24.03.30 강의시간 54:03
S20240000021,"10강 중복조합의 뜻, 부정방정식의 해의 개수(1)자막",강의 탑재일 24.04.08 강의시간 45:09
S20240000021,11강 부정방정식의 해의 개수(2)자막,강의 탑재일 24.04.08 강의시간 41:46
S20240000021,"12강 이항정리의 뜻, 특정항의 계수 찾기자막",강의 탑재일 24.04.08 강의시간 41:48
S20240000021,13강 이항계수의 성질자막,강의 탑재일 24.04.12 강의시간 45:18
S20240000021,"14강 파스칼의 삼각형, 중복조합과 이항정리 Level 1자막",강의 탑재일 24.04.12 강의시간 45:38
S20240000021,15강 함수의 개수자막,강의 탑재일 24.04.15 강의시간 49:04
S20240000021,16강 중복조합과 이항정리 Level 3자막,강의 탑재일 24.04.15 강의시간 51:22
S20240000021,17강 치역의 원소의 개수가 정해진 함수의 개수자막,강의 탑재일 24.04.15 강의시간 46:28
S20240000021,"18강 확률의 뜻, 배반사건자막",강의 탑재일 24.04.22 강의시간 47:29
S20240000021,19강 확률의 덧셈정리자막,강의 탑재일 24.04.23 강의시간 50:37
S20240000021,"20강 여사건의 확률, 확률의 뜻과 활용 연습문제 Level 1자막",강의 탑재일 24.04.22 강의시간 44:59
S20240000021,21강 확률의 뜻과 활용 연습문제 Level 2자막,강의 탑재일 24.04.22 강의시간 43:45
S20240000021,"22강 확률의 뜻과 활용 연습문제 Level 3, 조건부 확률자막",강의 탑재일 24.04.22 강의시간 48:54
S20240000021,23강 확률의 곱셈정리자막,강의 탑재일 24.04.25 강의시간 44:54
S20240000021,24강 독립과 종속자막,강의 탑재일 24.04.29 강의시간 50:49
S20240000021,25강 독립시행의 확률자막,강의 탑재일 24.04.30 강의시간 46:46
S20240000021,"26강 조건부 확률 연습문제 Level 1, 2자막",강의 탑재일 24.04.30 강의시간 47:44
S20240000021,"27강 조건부 확률 연습문제 Level 2, 3자막",강의 탑재일 24.04.30 강의시간 70:02
S20240000021,"28강 평균, 분산, 표준편차의 뜻자막",강의 탑재일 24.04.30 강의시간 37:16
S20240000021,"29강 확률분포표와 평균, 분산, 표준편차자막",강의 탑재일 24.04.30 강의시간 41:11
S20240000021,"30강 일차식의 평균, 분산, 표준편차자막",강의 탑재일 24.05.07 강의시간 54:24
S20240000021,"31강 이항분포, 이산확률변수의 확률분포 Level 1자막",강의 탑재일 24.05.07 강의시간 48:22
S20240000021,"32강 이산확률변수의 확률분포 Level 2, 3자막",강의 탑재일 24.05.07 강의시간 58:20
S20240000021,"33강 확률밀도함수의 그래프, 정규분포의 뜻자막",강의 탑재일 24.05.07 강의시간 47:03
S20240000021,34강 표준정규분포자막,강의 탑재일 24.05.07 강의시간 47:28
S20240000021,35강 정규분포와 이항분포의 관계자막,강의 탑재일 24.05.07 강의시간 43:15
S20240000021,36강 연속확률변수의 확률분포 연습문제 Level 2자막,강의 탑재일 24.05.08 강의시간 42:04
S20240000021,"37강 연속확률변수의 확률분포 연습문제 Level 3, 표본평균의 확률분포(1)자막",강의 탑재일 24.05.08 강의시간 44:35
S20240000021,38강 표본평균의 확률분포(2)자막,강의 탑재일 24.05.08 강의시간 40:25
S20240000021,39강 모평균의 추정자막,강의 탑재일 24.05.08 강의시간 47:12
S20240000021,"40강 통계적 추정 연습문제 Level 1, 2자막",강의 탑재일 24.05.08 강의시간 42:04
S20240000021,"41강 통계적 추정 연습문제 Level 2, 3자막",강의 탑재일 24.05.08 강의시간 40:30
S20240000910,오리엔테이션자막,강의 탑재일 25.01.23 강의시간 11:04
S20240000910,01강 함수의 극한 (1)자막,강의 탑재일 25.01.16 강의시간 48:49
S20240000910,02강 함수의 극한 (2)자막,강의 탑재일 25.01.16 강의시간 48:25
S20240000910,03강 함수의 극한 (3)자막,강의 탑재일 25.01.16 강의시간 49:30
S20240000910,04강 함수의 극한 Level1자막,강의 탑재일 25.01.16 강의시간 48:24
S20240000910,05강 함수의 극한 Level2자막,강의 탑재일 25.01.23 강의시간 48:37
S20240000910,06강 함수의 극한 Level3자막,강의 탑재일 25.01.23 강의시간 48:35
S20240000910,07강 함수의 연속 (1)자막,강의 탑재일 25.01.23 강의시간 48:18
S20240000910,08강 함수의 연속 (2)자막,강의 탑재일 25.01.23 강의시간 48:37
S20240000910,09강 함수의 연속 (3)자막,강의 탑재일 25.01.29 강의시간 48:06
S20240000910,10강 함수의 연속 Level1자막,강의 탑재일 25.01.29 강의시간 49:14
S20240000910,11강 함수의 연속 Level2자막,강의 탑재일 25.01.29 강의시간 47:39
S20240000910,12강 함수의 연속 Level3자막,강의 탑재일 25.01.29 강의시간 53:56
S20240000910,13강 미분계수와 도함수 (1)자막,강의 탑재일 25.02.03 강의시간 48:45
S20240000910,14강 미분계수와 도함수 (2)자막,강의 탑재일 25.02.03 강의시간 49:59
S20240000910,15강 미분계수와 도함수 (3)자막,강의 탑재일 25.02.03 강의시간 47:21
S20240000910,16강 미분계수와 도함수 Level1자막,강의 탑재일 25.02.03 강의시간 49:15
S20240000910,17강 미분계수와 도함수 Level2자막,강의 탑재일 25.02.06 강의시간 48:22
S20240000910,18강 미분계수와 도함수 Level3자막,강의 탑재일 25.02.06 강의시간 51:22
S20240000910,19강 도함수의 활용 1 (1)자막,강의 탑재일 25.02.06 강의시간 48:39
S20240000910,20강 도함수의 활용 1 (2)자막,강의 탑재일 25.02.06 강의시간 48:31
S20240000910,21강 도함수의 활용 1 (3)자막,강의 탑재일 25.02.13 강의시간 49:10
S20240000910,22강 도함수의 활용 1 Level1자막,강의 탑재일 25.02.13 강의시간 48:40
S20240000910,23강 도함수의 활용 1 Level2 (1)자막,강의 탑재일 25.02.13 강의시간 51:41
S20240000910,24강 도함수의 활용 1 Level2 (2)자막,강의 탑재일 25.02.13 강의시간 48:39
S20240000910,25강 도함수의 활용 1 Level3자막,강의 탑재일 25.02.18 강의시간 50:15
S20240000910,26강 도함수의 활용 2 (1)자막,강의 탑재일 25.02.18 강의시간 49:25
S20240000910,27강 도함수의 활용 2 (2)자막,강의 탑재일 25.02.18 강의시간 48:42
S20240000910,28강 도함수의 활용 2 (3)자막,강의 탑재일 25.02.18 강의시간 49:28
S20240000910,29강 도함수의 활용 2 Level1자막,강의 탑재일 25.03.04 강의시간 51:18
S20240000910,30강 도함수의 활용 2 Level2자막,강의 탑재일 25.03.04 강의시간 48:13
S20240000910,31강 도함수의 활용 2 Level3자막,강의 탑재일 25.03.04 강의시간 48:36
S20240000910,32강 부정적분과 정적분 (1)자막,강의 탑재일 25.03.04 강의시간 48:01
S20240000910,33강 부정적분과 정적분 (2)자막,강의 탑재일 25.03.06 강의시간 49:15
S20240000910,34강 부정적분과 정적분 (3)자막,강의 탑재일 25.03.06 강의시간 49:26
S20240000910,35강 부정적분과 정적분 Level1자막,강의 탑재일 25.03.06 강의시간 47:58
S20240000910,36강 부정적분과 정적분 Level2자막,강의 탑재일 25.03.06 강의시간 48:49
S20240000910,37강 부정적분과 정적분 Level3 (1)자막,강의 탑재일 25.03.10 강의시간 49:29
S20240000910,38강 부정적분과 정적분 Level3 (2)자막,강의 탑재일 25.03.10 강의시간 51:23
S20240000910,39강 정적분의 활용 (1)자막,강의 탑재일 25.03.10 강의시간 48:19
S20240000910,40강 정적분의 활용 (2)자막,강의 탑재일 25.03.10 강의시간 47:34
S20240000910,41강 정적분의 활용 (3),강의 탑재일 25.03.10 강의시간 48:42
S20240000910,42강 정적분의 활용 Level1,강의 탑재일 25.03.13 강의시간 48:01
S20240000910,43강 정적분의 활용 Level2,강의 탑재일 25.03.13 강의시간 48:57
S20240000910,44강 정적분의 활용 Level3 (1),강의 탑재일 25.03.13 강의시간 50:46
S20240000910,45강 정적분의 활용 Level3 (2),강의 탑재일 25.03.13 강의시간 48:45
S20240000906,2026학년도 수능수학 공통과목 올킬을 목표로!자막,강의 탑재일 25.01.21 강의시간 5:25
S20240000906,01강 [수학Ⅰ] 지수와 로그(1)자막,강의 탑재일 25.01.20 강의시간 47:56
S20240000906,02강 [수학Ⅰ] 지수와 로그(2)자막,강의 탑재일 25.01.20 강의시간 47:38
S20240000906,03강 [수학Ⅰ] 지수와 로그(3)자막,강의 탑재일 25.01.20 강의시간 49:44
S20240000906,04강 [수학Ⅰ] 지수함수와 로그함수(1)자막,강의 탑재일 25.01.29 강의시간 47:10
S20240000906,05강 [수학Ⅰ] 지수함수와 로그함수(2)자막,강의 탑재일 25.01.29 강의시간 45:18
S20240000906,06강 [수학Ⅰ] 지수함수와 로그함수(3)자막,강의 탑재일 25.01.29 강의시간 48:31
S20240000906,07강 [수학Ⅰ] 지수함수와 로그함수(4)자막,강의 탑재일 25.01.29 강의시간 49:02
S20240000906,08강 [수학Ⅰ] 삼각함수(1)자막,강의 탑재일 25.02.10 강의시간 46:20
S20240000906,09강 [수학Ⅰ] 삼각함수(2)자막,강의 탑재일 25.02.10 강의시간 45:07
S20240000906,10강 [수학Ⅰ] 삼각함수(3)자막,강의 탑재일 25.02.10 강의시간 45:41
S20240000906,11강 [수학Ⅰ] 삼각함수(4)자막,강의 탑재일 25.02.10 강의시간 45:35
S20240000906,12강 [수학Ⅰ] 사인법칙과 코사인법칙(1)자막,강의 탑재일 25.02.11 강의시간 47:42
S20240000906,13강 [수학Ⅰ] 사인법칙과 코사인법칙(2)자막,강의 탑재일 25.02.11 강의시간 49:24
S20240000906,14강 [수학Ⅰ] 사인법칙과 코사인법칙(3)자막,강의 탑재일 25.02.11 강의시간 49:45
S20240000906,15강 [수학Ⅰ] 등차수열과 등비수열(1)자막,강의 탑재일 25.02.13 강의시간 45:16
S20240000906,16강 [수학Ⅰ] 등차수열과 등비수열(2)자막,강의 탑재일 25.02.13 강의시간 45:06
S20240000906,17강 [수학Ⅰ] 등차수열과 등비수열(3)자막,강의 탑재일 25.02.13 강의시간 45:23
S20240000906,18강 [수학Ⅰ] 등차수열과 등비수열(4)자막,강의 탑재일 25.02.13 강의시간 45:05
S20240000906,19강 [수학Ⅰ] 수열의 합과 수학적 귀납법(1)자막,강의 탑재일 25.02.17 강의시간 45:25
S20240000906,20강 [수학Ⅰ] 수열의 합과 수학적 귀납법(2)자막,강의 탑재일 25.02.17 강의시간 45:05
S20240000906,21강 [수학Ⅰ] 수열의 합과 수학적 귀납법(3)자막,강의 탑재일 25.02.17 강의시간 45:18
S20240000906,22강 [수학Ⅰ] 수열의 합과 수학적 귀납법(4)자막,강의 탑재일 25.02.17 강의시간 46:35
S20240000906,23강 [수학Ⅱ] 함수의 극한(1)자막,강의 탑재일 25.02.19 강의시간 46:57
S20240000906,24강 [수학Ⅱ] 함수의 극한(2)자막,강의 탑재일 25.02.19 강의시간 48:09
S20240000906,25강 [수학Ⅱ] 함수의 극한(3)자막,강의 탑재일 25.02.19 강의시간 45:02
S20240000906,26강 [수학Ⅱ] 함수의 연속(1)자막,강의 탑재일 25.02.19 강의시간 45:01
S20240000906,27강 [수학Ⅱ] 함수의 연속(2)자막,강의 탑재일 25.02.21 강의시간 45:31
S20240000906,28강 [수학Ⅱ] 함수의 연속(3)자막,강의 탑재일 25.02.21 강의시간 46:03
S20240000906,29강 [수학Ⅱ] 미분계수와 도함수(1)자막,강의 탑재일 25.02.21 강의시간 45:38
S20240000906,30강 [수학Ⅱ] 미분계수와 도함수(2)자막,강의 탑재일 25.02.21 강의시간 45:00
S20240000906,31강 [수학Ⅱ] 미분계수와 도함수(3)자막,강의 탑재일 25.02.24 강의시간 48:42
S20240000906,32강 [수학Ⅱ] 도함수의 활용(1)자막,강의 탑재일 25.02.24 강의시간 49:43
S20240000906,33강 [수학Ⅱ] 도함수의 활용(2)자막,강의 탑재일 25.02.24 강의시간 49:58
S20240000906,34강 [수학Ⅱ] 도함수의 활용(3)자막,강의 탑재일 25.02.24 강의시간 45:18
S20240000906,35강 [수학Ⅱ] 도함수의 활용(4)자막,강의 탑재일 25.03.01 강의시간 45:48
S20240000906,36강 [수학Ⅱ] 도함수의 활용(5)자막,강의 탑재일 25.03.01 강의시간 45:08
S20240000906,37강 [수학Ⅱ] 도함수의 활용(6)자막,강의 탑재일 25.03.01 강의시간 45:18
S20240000906,38강 [수학Ⅱ] 도함수의 활용(7)자막,강의 탑재일 25.03.01 강의시간 47:14
S20240000906,39강 [수학Ⅱ] 부정적분과 정적분(1)자막,강의 탑재일 25.03.04 강의시간 46:29
S20240000906,40강 [수학Ⅱ] 부정적분과 정적분(2)자막,강의 탑재일 25.03.04 강의시간 45:37
S20240000906,41강 [수학Ⅱ] 부정적분과 정적분(3)자막,강의 탑재일 25.03.04 강의시간 46:11
S20240000906,42강 [수학Ⅱ] 정적분의 활용(1)자막,강의 탑재일 25.03.05 강의시간 45:35
S20240000906,43강 [수학Ⅱ] 정적분의 활용(2)자막,강의 탑재일 25.03.05 강의시간 45:25
S20240000906,44강 [수학Ⅱ] 정적분의 활용(3)자막,강의 탑재일 25.03.05 강의시간 45:02
S20240000906,45강 [수학Ⅱ] 정적분의 활용(4)자막,강의 탑재일 25.03.05 강의시간 46:38
S20240000916,오리엔테이션자막,강의 탑재일 25.01.22 강의시간 7:51
S20240000916,01강 기하는 기하다(1)자막,강의 탑재일 25.01.20 강의시간 45:40
S20240000916,02강 기하는 기하다(2)자막,강의 탑재일 25.01.22 강의시간 45:18
S20240000916,"03강 포물선, 한 번에 확실히!(1)자막",강의 탑재일 25.01.22 강의시간 46:32
S20240000916,"04강 포물선, 한 번에 확실히!(2)자막",강의 탑재일 25.01.22 강의시간 47:30
S20240000916,05강 포물선 Level 문제(1)자막,강의 탑재일 25.01.22 강의시간 45:28
S20240000916,06강 포물선 Level 문제(2)자막,강의 탑재일 25.01.22 강의시간 45:57
S20240000916,07강 포물선 Level 문제(3)자막,강의 탑재일 25.01.22 강의시간 48:34
S20240000916,"08강 타원, 한 번에 확실히!(1)자막",강의 탑재일 25.01.22 강의시간 45:55
S20240000916,"09강 타원, 한 번에 확실히!(2)자막",강의 탑재일 25.01.23 강의시간 45:22
S20240000916,10강 타원 Level 문제(1)자막,강의 탑재일 25.01.23 강의시간 45:15
S20240000916,11강 타원 Level 문제(2)자막,강의 탑재일 25.01.23 강의시간 49:07
S20240000916,12강 타원 Level 문제(3)자막,강의 탑재일 25.01.23 강의시간 46:40
S20240000916,"13강 쌍곡선, 한 번에 확실히!(1)자막",강의 탑재일 25.02.03 강의시간 47:00
S20240000916,"14강 쌍곡선, 한 번에 확실히!(2)자막",강의 탑재일 25.02.03 강의시간 46:06
S20240000916,15강 쌍곡선 Level 문제(1)자막,강의 탑재일 25.02.03 강의시간 45:35
S20240000916,16강 쌍곡선 Level 문제(2)자막,강의 탑재일 25.02.03 강의시간 45:35
S20240000916,17강 쌍곡선 Level 문제(3)자막,강의 탑재일 25.02.10 강의시간 46:28
S20240000916,"18강 벡터의 연산, 한 번에 확실히!(1)자막",강의 탑재일 25.02.10 강의시간 48:09
S20240000916,"19강 벡터의 연산, 한 번에 확실히!(2)자막",강의 탑재일 25.02.10 강의시간 46:07
S20240000916,"20강 벡터의 연산, 한 번에 확실히!(3)자막",강의 탑재일 25.02.10 강의시간 49:35
S20240000916,21강 벡터의 연산 Level 문제(1)자막,강의 탑재일 25.02.17 강의시간 55:15
S20240000916,22강 벡터의 연산 Level 문제(2)자막,강의 탑재일 25.02.17 강의시간 47:58
S20240000916,23강 벡터의 연산 Level 문제(3)자막,강의 탑재일 25.02.17 강의시간 54:38
S20240000916,"24강 벡터의 내적, 한 번에 확실히!(1)자막",강의 탑재일 25.02.17 강의시간 46:08
S20240000916,"25강 벡터의 내적, 한 번에 확실히!(2)자막",강의 탑재일 25.02.17 강의시간 46:56
S20240000916,"26강 벡터의 내적, 한 번에 확실히!(3)자막",강의 탑재일 25.02.19 강의시간 45:28
S20240000916,27강 벡터의 내적 Level 문제(1)자막,강의 탑재일 25.02.17 강의시간 45:24
S20240000916,28강 벡터의 내적 Level 문제(2)자막,강의 탑재일 25.02.19 강의시간 46:26
S20240000916,29강 벡터의 내적 Level 문제(3)자막,강의 탑재일 25.02.19 강의시간 46:36
S20240000916,30강 벡터의 내적 Level 문제(4)자막,강의 탑재일 25.02.19 강의시간 48:07
S20240000916,"31강 공간도형, 한 번에 확실히!(1)자막",강의 탑재일 25.02.19 강의시간 45:42
S20240000916,"32강 공간도형, 한 번에 확실히!(2)자막",강의 탑재일 25.02.21 강의시간 45:53
S20240000916,"33강 공간도형, 한 번에 확실히!(3)자막",강의 탑재일 25.02.21 강의시간 45:04
S20240000916,"34강 공간도형, 한 번에 확실히!(4)자막",강의 탑재일 25.02.21 강의시간 45:08
S20240000916,35강 공간도형 Level 문제(1)자막,강의 탑재일 25.02.24 강의시간 48:54
S20240000916,36강 공간도형 Level 문제(2)자막,강의 탑재일 25.02.24 강의시간 47:32
S20240000916,37강 공간도형 Level 문제(3)자막,강의 탑재일 25.02.24 강의시간 49:11
S20240000916,38강 공간도형 Level 문제(4)자막,강의 탑재일 25.02.24 강의시간 46:06
S20240000916,"39강 공간좌표, 한 번에 확실히!(1)자막",강의 탑재일 25.02.26 강의시간 46:05
S20240000916,"40강 공간좌표, 한 번에 확실히!(2)자막",강의 탑재일 25.02.26 강의시간 48:40
S20240000916,"41강 공간좌표, 한 번에 확실히!(3)",강의 탑재일 25.02.26 강의시간 46:20
S20240000916,42강 공간좌표 Level 문제(1),강의 탑재일 25.03.01 강의시간 46:45
S20240000916,43강 공간좌표 Level 문제(2),강의 탑재일 25.03.01 강의시간 46:51
S20240000916,44강 공간좌표 Level 문제(3),강의 탑재일 25.03.01 강의시간 46:25
S20240000916,45강 공간좌표 Level 문제(4),강의 탑재일 25.03.01 강의시간 47:39
S20240000918,오리엔테이션,강의 탑재일 25.04.18 강의시간 8:29
S20240000918,01강 교재 01 글의 목적 파악자막,강의 탑재일 25.01.22 강의시간 59:00
S20240000918,02강 교재 02 심경․분위기 파악자막,강의 탑재일 25.01.24 강의시간 59:14
S20240000918,03강 교재 03 요지 파악자막,강의 탑재일 25.01.24 강의시간 48:27
S20240000918,04강 교재 04 주장 파악자막,강의 탑재일 25.01.24 강의시간 59:56
S20240000918,05강 교재 05 함축적 의미 파악자막,강의 탑재일 25.02.10 강의시간 63:33
S20240000918,06강 교재 06 주제 파악자막,강의 탑재일 25.02.11 강의시간 57:40
S20240000918,07강 교재 07 제목 & 교재 08 도표자막,강의 탑재일 25.02.10 강의시간 56:49
S20240000918,"08강 교재 09, 10 내용 일치․불일치자막",강의 탑재일 25.02.11 강의시간 50:21
S20240000918,09강 교재 11 어법자막,강의 탑재일 25.02.17 강의시간 55:33
S20240000918,10강 교재 11 어법 & 교재 12 어휘자막,강의 탑재일 25.02.18 강의시간 53:03
S20240000918,11강 교재 12 어휘자막,강의 탑재일 25.02.17 강의시간 59:34
S20240000918,12강 교재 13 빈칸 내용 추론(1)자막,강의 탑재일 25.02.17 강의시간 54:19
S20240000918,13강 교재 14 빈칸 내용 추론(2)자막,강의 탑재일 25.02.28 강의시간 60:07
S20240000918,14강 교재 15 흐름에 무관한 문장 찾기자막,강의 탑재일 25.02.21 강의시간 58:33
S20240000918,15강 교재 16 문단 내 글의 순서 파악하기자막,강의 탑재일 25.02.20 강의시간 55:10
S20240000918,16강 교재 16 순서 & 교재 17 문장 위치자막,강의 탑재일 25.02.20 강의시간 61:05
S20240000918,17강 교재 17 주어진 문장의 적합한 위치 찾기자막,강의 탑재일 25.02.20 강의시간 61:21
S20240000918,18강 교재 18 문단 요약하기자막,강의 탑재일 25.02.28 강의시간 51:00
S20240000918,19강 교재 19 장문 독해(1)자막,강의 탑재일 25.02.28 강의시간 68:01
S20240000918,20강 교재 20 장문 독해(2)자막,강의 탑재일 25.02.28 강의시간 54:21
S20240000918,21강 교재 20 장문 독해(2) & 교재 21 철학 외(1)자막,강의 탑재일 25.03.10 강의시간 58:43
S20240000918,22강 교재 21 철학 외(2) & 교재 22 환경 외(1)자막,강의 탑재일 25.03.10 강의시간 57:22
S20240000918,23강 교재 22 환경 외(2) & 교재 23 물리 외자막,강의 탑재일 25.03.10 강의시간 55:42
S20240000918,"24강 교재 24 스포츠, 레저, 취미, 여행 & 교재 25 교육(1)자막",강의 탑재일 25.03.11 강의시간 52:37
S20240000918,25강 교재 25 교육(2) & 교재 26 언어 외(1)자막,강의 탑재일 25.03.25 강의시간 55:28
S20240000918,26강 교재 26 언어 외(2) & 교재 27 컴퓨터 외자막,강의 탑재일 25.03.25 강의시간 50:11
S20240000918,27강 교재 28 심리 외 & 교재 29 정치 외(1)자막,강의 탑재일 25.03.25 강의시간 59:20
S20240000918,28강 교재 29 정치 외(2) & 교재 30 의학 외(1)자막,강의 탑재일 25.03.25 강의시간 51:17
S20240000918,29강 교재 30 의학 외(2) & Test1(1)자막,강의 탑재일 25.03.25 강의시간 54:20
S20240000918,30강 Test 1(2)자막,강의 탑재일 25.03.25 강의시간 48:07
S20240000918,31강 Test 1(3),강의 탑재일 25.03.25 강의시간 58:33
S20240000918,32강 Test 1(4),강의 탑재일 25.03.25 강의시간 57:26
S20240000918,33강 Test 1(5),강의 탑재일 25.04.04 강의시간 61:04
S20240000918,34강 Test 2(1),강의 탑재일 25.04.04 강의시간 55:47
S20240000918,35강 Test 2(2),강의 탑재일 25.04.04 강의시간 57:48
S20240000918,36강 Test 2(3),강의 탑재일 25.04.11 강의시간 58:31
S20240000918,37강 Test 2(4),강의 탑재일 25.04.11 강의시간 57:25
S20240000918,38강 Test 2(5) & Test 3(1),강의 탑재일 25.04.11 강의시간 51:55
S20240000918,39강 Test 3(2),강의 탑재일 25.04.18 강의시간 55:27
S20240000918,40강 Test 3(3),강의 탑재일 25.04.18 강의시간 56:16
S20240000918,41강 Test 3(4),강의 탑재일 25.04.18 강의시간 53:53
S20240000918,42강 Test 3(5),강의 탑재일 25.04.18 강의시간 61:29
S20240000919,토깽이 모집♥자막,강의 탑재일 25.02.04 강의시간 14:10
S20240000919,01강 글의 목적 파악 & 심경ㆍ분위기 파악(1)자막,강의 탑재일 25.01.22 강의시간 54:04
S20240000919,02강 심경ㆍ분위기 파악(2) & 요지 파악(1)자막,강의 탑재일 25.01.22 강의시간 55:11
S20240000919,03강 요지 파악(2) & 주장 파악자막,강의 탑재일 25.01.22 강의시간 65:50
S20240000919,04강 함축적 의미 파악자막,강의 탑재일 25.01.31 강의시간 61:47
S20240000919,05강 주제 파악자막,강의 탑재일 25.01.24 강의시간 74:51
S20240000919,06강 제목 파악자막,강의 탑재일 25.01.24 강의시간 57:09
S20240000919,"07강 도표, 설명문, 실용문자막",강의 탑재일 25.01.31 강의시간 48:15
S20240000919,08강 어법 정확성 파악자막,강의 탑재일 25.01.31 강의시간 57:20
S20240000919,09강 어휘 적절성 파악자막,강의 탑재일 25.01.31 강의시간 66:24
S20240000919,10강 빈칸 내용 추론(1)자막,강의 탑재일 25.02.04 강의시간 65:53
S20240000919,11강 빈칸 내용 추론(2)자막,강의 탑재일 25.02.04 강의시간 66:16
S20240000919,12강 흐름에 무관한 문장 찾기자막,강의 탑재일 25.02.06 강의시간 61:22
S20240000919,13강 문단 내 글의 순서 파악하기(1)자막,강의 탑재일 25.02.06 강의시간 62:54
S20240000919,14강 문단 내 글의 순서 파악하기(2) & 주어진 문장의 적합한 위치 찾기(1)자막,강의 탑재일 25.02.06 강의시간 70:00
S20240000919,15강 주어진 문장의 적합한 위치 찾기(2)자막,강의 탑재일 25.02.06 강의시간 59:32
S20240000919,16강 문단 요약하기자막,강의 탑재일 25.02.11 강의시간 61:53
S20240000919,17강 장문 독해 1(1)자막,강의 탑재일 25.02.11 강의시간 49:37
S20240000919,18강 장문 독해 1(2)자막,강의 탑재일 25.02.13 강의시간 58:56
S20240000919,"19강 철학, 종교, 역사, 풍습, 지리 & 환경, 자원, 재활용(1)자막",강의 탑재일 25.02.13 강의시간 58:01
S20240000919,"20강 환경, 자원, 재활용(2) & 물리, 화학, 생명과학, 지구과학(1)자막",강의 탑재일 25.02.18 강의시간 60:37
S20240000919,"21강 물리, 화학, 생명과학, 지구과학(2) & 스포츠, 레저, 취미, 여행(1)자막",강의 탑재일 25.02.13 강의시간 55:11
S20240000919,"22강 스포츠, 레저, 취미, 여행(2) & 교육, 학교, 진로자막",강의 탑재일 25.02.13 강의시간 52:06
S20240000919,"23강 언어, 문학, 예술 & 컴퓨터, 인터넷, 정보, 미디어, 교통(1)자막",강의 탑재일 25.02.18 강의시간 52:37
S20240000919,"24강 컴퓨터, 인터넷, 정보, 미디어, 교통(2) & 심리, 대인 관계(1)자막",강의 탑재일 25.02.18 강의시간 61:16
S20240000919,"25강 심리, 대인 관계(2) & 정치, 경제, 사회, 법(1)자막",강의 탑재일 25.02.20 강의시간 59:11
S20240000919,"26강 정치, 경제, 사회, 법(2) & 의학, 건강, 영양, 식품자막",강의 탑재일 25.02.18 강의시간 54:28
S20240000919,27강 Test 1 (1)자막,강의 탑재일 25.02.26 강의시간 62:48
S20240000919,28강 Test 1 (2)자막,강의 탑재일 25.02.26 강의시간 70:36
S20240000919,29강 Test 1 (3) & Test 2 (1)자막,강의 탑재일 25.02.26 강의시간 56:14
S20240000919,30강 Test 2 (2)자막,강의 탑재일 25.02.26 강의시간 53:41
S20240000919,31강 Test 2 (3) & Test 3 (1)자막,강의 탑재일 25.03.06 강의시간 56:42
S20240000919,32강 Test 3 (2)자막,강의 탑재일 25.03.06 강의시간 55:35
S20240000919,33강 Test 3 (3)자막,강의 탑재일 25.03.06 강의시간 48:43
S20240000920,오리엔테이션자막,강의 탑재일 25.01.17 강의시간 8:44
S20240000920,01강 함축적 의미 파악자막,강의 탑재일 25.01.17 강의시간 60:41
S20240000920,02강 주제 · 제목 파악자막,강의 탑재일 25.01.17 강의시간 63:53
S20240000920,03강 어법 정확성 파악자막,강의 탑재일 25.01.17 강의시간 60:27
S20240000920,04강 어휘 적절성 파악자막,강의 탑재일 25.02.17 강의시간 59:40
S20240000920,05강 빈칸 내용 추론 (1)자막,강의 탑재일 25.02.05 강의시간 60:10
S20240000920,06강 빈칸 내용 추론 (2)자막,강의 탑재일 25.02.05 강의시간 52:29
S20240000920,07강 흐름에 무관한 문장 찾기자막,강의 탑재일 25.02.14 강의시간 59:42
S20240000920,08강 문단 내 글의 순서 파악하기자막,강의 탑재일 25.02.14 강의시간 60:33
S20240000920,09강 주어진 문장의 적합한 위치 찾기자막,강의 탑재일 25.02.14 강의시간 56:17
S20240000920,10강 Test1자막,강의 탑재일 25.02.21 강의시간 63:04
S20240000920,11강 Test2자막,강의 탑재일 25.02.21 강의시간 53:24
S20240000920,12강 Test3자막,강의 탑재일 25.02.21 강의시간 60:13
S20240000923,오리엔테이션자막,강의 탑재일 25.01.22 강의시간 8:46
S20240000923,"01강 01 빈칸, 함축-1자막",강의 탑재일 25.01.22 강의시간 59:13
S20240000923,"02강 01 빈칸, 함축-2자막",강의 탑재일 25.01.22 강의시간 58:49
S20240000923,"03강 01 빈칸, 함축-3자막",강의 탑재일 25.01.22 강의시간 58:45
S20240000923,"04강 02 빈칸, 함축-1자막",강의 탑재일 25.01.23 강의시간 58:39
S20240000923,"05강 02 빈칸, 함축-2자막",강의 탑재일 25.01.23 강의시간 58:39
S20240000923,"06강 02 빈칸, 함축-3자막",강의 탑재일 25.01.23 강의시간 58:54
S20240000923,"07강 03 빈칸, 함축-1자막",강의 탑재일 25.02.04 강의시간 58:39
S20240000923,"08강 03 빈칸, 함축-2자막",강의 탑재일 25.02.04 강의시간 58:59
S20240000923,"09강 03 빈칸, 함축-3자막",강의 탑재일 25.02.04 강의시간 58:33
S20240000923,"10강 04 빈칸, 함축-1자막",강의 탑재일 25.02.04 강의시간 59:02
S20240000923,"11강 04 빈칸, 함축-2자막",강의 탑재일 25.02.04 강의시간 58:43
S20240000923,"12강 04 빈칸, 함축-3자막",강의 탑재일 25.02.04 강의시간 58:52
S20240000923,"13강 05 어법, 주제, 제목, 무관, 순서1자막",강의 탑재일 25.02.10 강의시간 59:02
S20240000923,"14강 05 어법, 주제, 제목, 무관, 순서-2자막",강의 탑재일 25.02.10 강의시간 58:42
S20240000923,"15강 05 어법, 주제, 제목, 무관, 순서-3자막",강의 탑재일 25.02.10 강의시간 58:53
S20240000923,"16강 06 어법, 주제, 제목, 무관, 순서-1자막",강의 탑재일 25.02.17 강의시간 58:56
S20240000923,"17강 06 어법, 주제, 제목, 무관, 순서-2자막",강의 탑재일 25.02.17 강의시간 59:09
S20240000923,"18강 06 어법, 주제, 제목, 무관, 순서-3자막",강의 탑재일 25.02.17 강의시간 59:07
S20240000923,"19강 07 어법, 주제, 제목, 무관, 순서-1자막",강의 탑재일 25.02.20 강의시간 58:41
S20240000923,"20강 07 어법, 주제, 제목, 무관, 순서-2자막",강의 탑재일 25.02.19 강의시간 58:54
S20240000923,"21강 07 어법, 주제, 제목, 무관, 순서-3자막",강의 탑재일 25.02.19 강의시간 58:46
S20240000923,"22강 08 어법, 주제, 제목, 무관, 순서-1자막",강의 탑재일 25.02.24 강의시간 58:44
S20240000923,"23강 08 어법, 주제, 제목, 무관, 순서-2자막",강의 탑재일 25.02.24 강의시간 58:41
S20240000923,"24강 08 어법, 주제, 제목, 무관, 순서-3자막",강의 탑재일 25.02.24 강의시간 58:32
S20240000923,"25강 09 어휘, 삽입, 요약문, 장문-1자막",강의 탑재일 25.02.24 강의시간 59:12
S20240000923,"26강 09 어휘, 삽입, 요약문, 장문-2자막",강의 탑재일 25.02.24 강의시간 59:00
S20240000923,"27강 09 어휘, 삽입, 요약문, 장문-3자막",강의 탑재일 25.02.24 강의시간 59:12
S20240000923,"28강 10 어휘, 삽입, 요약문, 장문-1자막",강의 탑재일 25.02.27 강의시간 58:42
S20240000923,"29강 10 어휘, 삽입, 요약문, 장문-2자막",강의 탑재일 25.02.27 강의시간 59:19
S20240000923,"30강 11 어휘, 삽입, 요약문, 장문-1자막",강의 탑재일 25.02.27 강의시간 58:57
S20240000923,"31강 11 어휘, 삽입, 요약문, 장문-2자막",강의 탑재일 25.03.06 강의시간 59:17
S20240000923,"32강 12 어휘, 삽입, 요약문, 장문-1자막",강의 탑재일 25.03.06 강의시간 59:28
S20240000923,"33강 12 어휘, 삽입, 요약문, 장문-2자막",강의 탑재일 25.03.06 강의시간 59:07
S20240000923,34강 Mini test 1-1~7번자막,강의 탑재일 25.03.10 강의시간 58:49
S20240000923,35강 Mini test 1-8~15번자막,강의 탑재일 25.03.10 강의시간 58:55
S20240000923,36강 Mini test 1-16~20번자막,강의 탑재일 25.03.10 강의시간 58:44
S20240000923,37강 Mini test 1-21~28번자막,강의 탑재일 25.03.17 강의시간 58:54
S20240000923,38강 Mini test 2-1~7번자막,강의 탑재일 25.03.17 강의시간 58:56
S20240000923,39강 Mini test 2-8~15번자막,강의 탑재일 25.03.17 강의시간 59:07
S20240000923,40강 Mini test 2-16~20번자막,강의 탑재일 25.04.03 강의시간 58:37
S20240000923,41강 Mini test 2-21~28번,강의 탑재일 25.04.03 강의시간 59:08
S20240000923,42강 Mini test 3-1~7번,강의 탑재일 25.04.03 강의시간 58:58
S20240000923,43강 Mini test 3-8~15번,강의 탑재일 25.04.07 강의시간 58:47
S20240000923,44강 Mini test 3-16~20번,강의 탑재일 25.04.07 강의시간 58:34
S20240000923,45강 Mini test 3-21~28번,강의 탑재일 25.04.07 강의시간 59:16
S20240000787,오리엔테이션자막,강의 탑재일 24.11.27 강의시간 10:36
S20240000787,01강 <구문편> S+V 찾기-1자막,강의 탑재일 24.11.22 강의시간 48:59
S20240000787,02강 <구문편> S+V 찾기-2자막,강의 탑재일 24.11.22 강의시간 49:02
S20240000787,03강 <구문편> S+V 찾기-3자막,강의 탑재일 24.11.22 강의시간 49:04
S20240000787,04강 <구문편> 4형식과 5형식-1자막,강의 탑재일 24.11.27 강의시간 48:50
S20240000787,05강 <구문편> 4형식과 5형식-2자막,강의 탑재일 24.11.27 강의시간 49:16
S20240000787,06강 <구문편> 어려운 관계사-1자막,강의 탑재일 24.11.27 강의시간 49:00
S20240000787,07강 <구문편> 어려운 관계사-2자막,강의 탑재일 24.12.03 강의시간 48:49
S20240000787,08강 <구문편> that의 쓰임자막,강의 탑재일 24.12.03 강의시간 48:45
S20240000787,"09강 <구문편> 형식상 주어, 내용상 주어+강조자막",강의 탑재일 24.12.03 강의시간 48:53
S20240000787,10강 <구문편> 도치자막,강의 탑재일 24.12.03 강의시간 49:00
S20240000787,11강 <구문편> 삽입과 병렬-1자막,강의 탑재일 24.12.09 강의시간 49:03
S20240000787,12강 <구문편> 삽입과 병렬-2자막,강의 탑재일 24.12.09 강의시간 48:59
S20240000787,13강 <구문편> 비교자막,강의 탑재일 24.12.09 강의시간 48:55
S20240000787,14강 <구문편> 분사구문-1자막,강의 탑재일 24.12.09 강의시간 49:00
S20240000787,15강 <구문편> 분사구문-2자막,강의 탑재일 24.12.10 강의시간 49:16
S20240000787,16강 <구독편> 동사의 쓰임-1자막,강의 탑재일 24.12.10 강의시간 49:06
S20240000787,17강 <구독편> 동사의 쓰임-2자막,강의 탑재일 24.12.10 강의시간 48:44
S20240000787,18강 <구독편> 동사의 쓰임-3자막,강의 탑재일 24.12.10 강의시간 49:18
S20240000787,19강 <구독편> 명사의 쓰임-1자막,강의 탑재일 24.12.12 강의시간 48:39
S20240000787,20강 <구독편> 명사의 쓰임-2자막,강의 탑재일 24.12.12 강의시간 49:02
S20240000787,21강 <구독편> 명사의 쓰임-3자막,강의 탑재일 24.12.12 강의시간 49:13
S20240000787,22강 <구독편> 흐름 표현의 쓰임-1자막,강의 탑재일 24.12.12 강의시간 49:18
S20240000787,23강 <구독편> 흐름 표현의 쓰임-2자막,강의 탑재일 24.12.17 강의시간 49:13
S20240000787,24강 <구독편> Catching자막,강의 탑재일 24.12.17 강의시간 49:04
S20240000787,25강 <구독편> Circling-1자막,강의 탑재일 24.12.17 강의시간 49:07
S20240000787,26강 <구독편> Circling-2자막,강의 탑재일 24.12.17 강의시간 49:09
S20240000787,27강 <구독편> Paraphrasing-1자막,강의 탑재일 24.12.17 강의시간 49:26
S20240000787,28강 <구독편> Paraphrasing-2자막,강의 탑재일 24.12.17 강의시간 49:02
S20240000787,29강 <구독편> Condensing-1자막,강의 탑재일 24.12.17 강의시간 48:59
S20240000787,30강 <구독편> Condensing-2자막,강의 탑재일 24.12.17 강의시간 49:21
S20240000787,"31강 <독해편> 필자의 주장, 글의 요지자막",강의 탑재일 24.12.17 강의시간 49:14
S20240000787,"32강 <독해편> 글의 주제, 글의 제목자막",강의 탑재일 24.12.17 강의시간 49:03
S20240000787,33강 <독해편> 함축의미 추론자막,강의 탑재일 24.12.17 강의시간 48:58
S20240000787,34강 <독해편> 빈칸 추론(1)자막,강의 탑재일 24.12.17 강의시간 48:47
S20240000787,35강 <독해편> 빈칸 추론(2)자막,강의 탑재일 24.12.17 강의시간 48:39
S20240000924,오리엔테이션자막,강의 탑재일 25.01.15 강의시간 6:34
S20240000924,01강 핵심 지문 연계 포인트 (TOP1~TOP5)자막,강의 탑재일 25.01.15 강의시간 63:48
S20240000924,02강 핵심 지문 연계 포인트 (TOP6~TOP10)자막,강의 탑재일 25.01.15 강의시간 60:18
S20240000924,03강 핵심 지문 연계 포인트 (TOP11~TOP15)자막,강의 탑재일 25.01.15 강의시간 62:19
S20240000924,04강 핵심 지문 연계 포인트 (TOP16~TOP20)자막,강의 탑재일 25.01.22 강의시간 60:34
S20240000924,05강 핵심 지문 연계 포인트 (TOP21~TOP25)자막,강의 탑재일 25.01.22 강의시간 63:22
S20240000924,06강 핵심 지문 연계 포인트 (TOP26~TOP30)자막,강의 탑재일 25.01.22 강의시간 63:16
S20240000924,07강 핵심 지문 연계 포인트 (TOP31~TOP35)자막,강의 탑재일 25.02.03 강의시간 62:35
S20240000924,08강 핵심 지문 연계 포인트 (TOP36~TOP40)자막,강의 탑재일 25.02.03 강의시간 63:15
S20240000924,09강 핵심 지문 연계 포인트 (TOP41~TOP45)자막,강의 탑재일 25.02.03 강의시간 61:51
S20240000924,10강 핵심 지문 연계 포인트 (TOP46~TOP50)자막,강의 탑재일 25.02.05 강의시간 63:08
S20240000924,11강 핵심 지문 연계 포인트 (TOP51~TOP55)자막,강의 탑재일 25.02.05 강의시간 62:00
S20240000924,12강 핵심 지문 연계 포인트 (TOP56~TOP60)자막,강의 탑재일 25.02.05 강의시간 62:38
S20240000924,13강 핵심 지문 연계 포인트 (TOP61~TOP65)자막,강의 탑재일 25.02.10 강의시간 60:39
S20240000924,14강 핵심 지문 연계 포인트 (TOP66~TOP70)자막,강의 탑재일 25.02.10 강의시간 60:44
S20240000924,15강 핵심 지문 연계 포인트 (TOP71~TOP75)자막,강의 탑재일 25.02.10 강의시간 61:54
S20240000924,16강 핵심 지문 연계 포인트 (TOP76~TOP80)자막,강의 탑재일 25.02.12 강의시간 61:36
S20240000924,17강 핵심 지문 연계 포인트 (TOP81~TOP85)자막,강의 탑재일 25.02.12 강의시간 64:28
S20240000924,18강 핵심 지문 연계 포인트 (TOP86~TOP90)자막,강의 탑재일 25.02.12 강의시간 62:38
S20240000924,19강 핵심 지문 연계 포인트 (TOP91~TOP95)자막,강의 탑재일 25.02.17 강의시간 60:59
S20240000924,20강 핵심 지문 연계 포인트 (TOP96~TOP100)자막,강의 탑재일 25.02.18 강의시간 62:23
S20240000924,21강 핵심 지문 연계 포인트 (TOP101~TOP105)자막,강의 탑재일 25.02.18 강의시간 60:59
S20240000924,22강 핵심 지문 연계 포인트 (TOP106~TOP110)자막,강의 탑재일 25.02.18 강의시간 62:43
S20240000924,23강 핵심 지문 연계 포인트 (TOP111~TOP115)자막,강의 탑재일 25.02.18 강의시간 62:42
S20240000924,24강 핵심 지문 연계 포인트 (TOP116~TOP120)자막,강의 탑재일 25.02.18 강의시간 62:59
S20240000924,25강 핵심 지문 연계 포인트 (TOP121~TOP125)자막,강의 탑재일 25.02.19 강의시간 61:22
S20240000924,26강 핵심 지문 연계 포인트 (TOP126~TOP130)자막,강의 탑재일 25.02.19 강의시간 63:24
S20240000924,27강 핵심 지문 연계 포인트 (TOP131~TOP135)자막,강의 탑재일 25.02.19 강의시간 63:09
S20240000924,28강 핵심 지문 연계 포인트 (TOP136~TOP140)자막,강의 탑재일 25.02.21 강의시간 60:39
S20240000924,29강 핵심 지문 연계 포인트 (TOP141~TOP145)자막,강의 탑재일 25.02.21 강의시간 61:18
S20240000924,30강 핵심 지문 연계 포인트 (TOP146~TOP150)자막,강의 탑재일 25.02.21 강의시간 62:19
S20240000925,오리엔테이션자막,강의 탑재일 25.01.31 강의시간 4:48
S20240000925,01강 빈칸 추론자막,강의 탑재일 25.01.22 강의시간 60:02
S20240000925,"02강 함축 의미 추론, 빈칸 추론자막",강의 탑재일 25.01.22 강의시간 58:40
S20240000925,03강 어법자막,강의 탑재일 25.01.22 강의시간 59:16
S20240000925,"04강 주제 추론, 제목 추론자막",강의 탑재일 25.01.31 강의시간 61:47
S20240000925,05강 무관한 문장자막,강의 탑재일 25.01.31 강의시간 60:44
S20240000925,06강 글의 순서자막,강의 탑재일 25.01.31 강의시간 59:28
S20240000925,07강 어휘자막,강의 탑재일 25.02.18 강의시간 63:02
S20240000925,08강 문장 삽입자막,강의 탑재일 25.02.18 강의시간 61:53
S20240000925,09강 요약문 완성자막,강의 탑재일 25.02.18 강의시간 63:03
S20240000925,10강 1지문 2문항자막,강의 탑재일 25.02.18 강의시간 58:36
S20250000001,오리엔테이션자막,강의 탑재일 25.01.31 강의시간 10:12
S20250000001,01강 한국사는 왜 배우는가?자막,강의 탑재일 25.01.31 강의시간 40:43
S20250000001,"02강 [개념5일완성 1일차] 선사, 고대자막",강의 탑재일 25.01.22 강의시간 48:00
S20250000001,03강 [개념5일완성 1일차] 고려자막,강의 탑재일 25.01.22 강의시간 43:09
S20250000001,04강 [개념5일완성 1일차] 조선 1자막,강의 탑재일 25.01.22 강의시간 48:09
S20250000001,05강 [개념5일완성 2일차] 조선 2자막,강의 탑재일 25.01.31 강의시간 46:22
S20250000001,06강 [개념5일완성 2일차] 근대 1자막,강의 탑재일 25.01.31 강의시간 51:25
S20250000001,07강 [개념5일완성 2일차] 근대 2자막,강의 탑재일 25.02.03 강의시간 46:32
S20250000001,08강 [개념5일완성 3일차] 근대 3자막,강의 탑재일 25.02.03 강의시간 46:31
S20250000001,09강 [개념5일완성 3일차] 근대 4자막,강의 탑재일 25.02.03 강의시간 42:30
S20250000001,10강 [개념5일완성 3일차] 일제강점기 1자막,강의 탑재일 25.02.07 강의시간 46:24
S20250000001,11강 [개념5일완성 4일차] 일제강점기 2자막,강의 탑재일 25.02.04 강의시간 46:07
S20250000001,12강 [개념5일완성 4일차] 일제강점기 3자막,강의 탑재일 25.02.04 강의시간 42:35
S20250000001,13강 [개념5일완성 4일차] 일제강점기 4자막,강의 탑재일 25.02.05 강의시간 47:16
S20250000001,14강 [개념5일완성 5일차] 현대 1자막,강의 탑재일 25.02.05 강의시간 50:01
S20250000001,15강 [개념5일완성 5일차] 현대 2자막,강의 탑재일 25.02.05 강의시간 50:45
S20250000001,16강 [개념5일완성 5일차] 현대 3자막,강의 탑재일 25.02.19 강의시간 45:25
S20250000001,"17강 [문제풀이] 선사‧고대‧고려 (13p~17p, 25p~29p)자막",강의 탑재일 25.02.19 강의시간 48:20
S20250000001,"18강 [문제풀이] 조선 (35p~38p, 44p~46p)자막",강의 탑재일 25.02.20 강의시간 44:22
S20250000001,"19강 [문제풀이] 근대 1 (54p,57p, 64p~67p)자막",강의 탑재일 25.02.21 강의시간 46:47
S20250000001,"20강 [문제풀이] 근대 2 (72p~74p, 79p~81p)자막",강의 탑재일 25.02.21 강의시간 41:29
S20250000001,"21강 [문제풀이] 일제강점기 1 (88p~91p, 98p~102p)",강의 탑재일 25.02.24 강의시간 48:38
S20250000001,"22강 [문제풀이] 일제강점기 2 (106p~108p, 115p~118p)",강의 탑재일 25.02.21 강의시간 46:12
S20250000001,"23강 [문제풀이] 현대 1 (125p~128p, 135p~136p)",강의 탑재일 25.02.25 강의시간 42:15
S20250000001,"24강 [문제풀이] 현대 2(137p~138p, 143p~145p)",강의 탑재일 25.02.25 강의시간 44:10
S20250000001,25강 [문제풀이] 수능 유형 마스터 1회,강의 탑재일 25.02.26 강의시간 41:59
S20250000001,26강 [문제풀이] 수능 유형 마스터 2회,강의 탑재일 25.02.25 강의시간 43:24
S20250000001,27강 [문제풀이] 수능 유형 마스터 3회,강의 탑재일 25.03.05 강의시간 43:29
S20250000001,28강 [문제풀이] 수능 유형 마스터 4회,강의 탑재일 25.03.05 강의시간 42:20
S20250000001,29강 [문제풀이] 수능 유형 마스터 5회,강의 탑재일 25.03.06 강의시간 42:11
S20250000001,30강 [문제풀이] 수능 유형 마스터 6회,강의 탑재일 25.03.06 강의시간 42:17
S20240000926,오리엔테이션자막,강의 탑재일 25.01.22 강의시간 9:15
S20240000926,01강 [개념편] 01. 고대 국가의 정치․사회와 문화자막,강의 탑재일 25.01.22 강의시간 48:55
S20240000926,02강 [개념편] 02. 고려의 정치․사회와 문화자막,강의 탑재일 25.01.22 강의시간 50:24
S20240000926,03강 [개념편] 03. 조선 시대 정치 운영과 세계관의 변화자막,강의 탑재일 25.02.04 강의시간 45:52
S20240000926,04강 [개념편] 04. 양반 신분제 사회와 상품 화폐 경제자막,강의 탑재일 25.02.04 강의시간 47:36
S20240000926,05강 [개념편] 05. 흥선 대원군의 정책과 개항 이후 근대적 개혁의 추진자막,강의 탑재일 25.02.04 강의시간 51:07
S20240000926,06강 [개념편] 06. 근대 국가 수립을 위한 노력자막,강의 탑재일 25.02.11 강의시간 46:27
S20240000926,07강 [개념편] 07. 일본의 침략 확대와 국권 수호 운동자막,강의 탑재일 25.02.11 강의시간 45:16
S20240000926,08강 [개념편] 08. 개항 이후 경제․사회․문화의 변화자막,강의 탑재일 25.02.11 강의시간 51:36
S20240000926,"09강 [개념편] 09. 1910~1920년대 일제의 식민지 정책과 3·1 운동, 대한민국 임시 정부자막",강의 탑재일 25.02.12 강의시간 46:34
S20240000926,10강 [개념편] 10. 다양한 민족 운동의 전개자막,강의 탑재일 25.02.12 강의시간 47:51
S20240000926,11강 [개념편] 11. 사회․문화의 변동과 사회 운동자막,강의 탑재일 25.02.12 강의시간 45:10
S20240000926,12강 [개념편] 12. 전시 동원 체제와 광복을 위한 노력자막,강의 탑재일 25.02.19 강의시간 47:52
S20240000926,13강 [개념편] 13. 대한민국 정부 수립과 6․25 전쟁자막,강의 탑재일 25.02.17 강의시간 53:39
S20240000926,14강 [개념편] 14. 민주화를 위한 노력과 경제 성장 1자막,강의 탑재일 25.02.18 강의시간 46:09
S20240000926,15강 [개념편] 14. 민주화를 위한 노력과 경제 성장 2자막,강의 탑재일 25.02.24 강의시간 47:54
S20240000926,16강 [개념편] 15. 6월 민주 항쟁 이후 사회와 동아시아 평화를 위한 노력자막,강의 탑재일 25.02.21 강의시간 49:35
S20240000926,17강 [유형편] 01. 고대 국가의 정치․사회와 문화 02. 고려의 정치․사회와 문화자막,강의 탑재일 25.02.19 강의시간 45:09
S20240000926,18강 [유형편] 02. 고려의 정치․사회와 문화 03. 조선 시대 정치 운영과 세계관의 변화자막,강의 탑재일 25.02.25 강의시간 45:15
S20240000926,19강 [유형편] 04. 양반 신분제 사회와 상품 화폐 경제 05. 흥선 대원군의 정책과 개항 이후 근대적 개혁의 추진자막,강의 탑재일 25.02.21 강의시간 45:29
S20240000926,20강 [유형편] 06. 근대 국가 수립을 위한 노력 07. 일본의 침략 확대와 국권 수호 운동자막,강의 탑재일 25.02.24 강의시간 45:24
S20240000926,"21강 [유형편] 08. 개항 이후 경제․사회․문화의 변화 09. 1910~1920년대 일제의 식민지 정책과 3·1 운동, 대한민국 임시 정부자막",강의 탑재일 25.02.24 강의시간 45:37
S20240000926,22강 [유형편] 10. 다양한 민족 운동의 전개 11. 사회․문화의 변동과 사회 운동자막,강의 탑재일 25.02.24 강의시간 46:29
S20240000926,23강 [유형편] 12. 전시 동원 체제와 광복을 위한 노력 13. 대한민국 정부 수립과 6․25 전쟁자막,강의 탑재일 25.03.05 강의시간 53:15
S20240000926,24강 [유형편] 14. 민주화를 위한 노력과 경제 성장 15. 6월 민주 항쟁 이후 사회와 동아시아 평화를 위한 노력자막,강의 탑재일 25.03.05 강의시간 46:00
S20240000926,25강 [실전편] 수능 유형 마스터 1회자막,강의 탑재일 25.03.05 강의시간 46:13
S20240000926,26강 [실전편] 수능 유형 마스터 2회자막,강의 탑재일 25.03.05 강의시간 46:07
S20240000926,27강 [실전편] 수능 유형 마스터 3회자막,강의 탑재일 25.03.05 강의시간 46:41
S20240000926,28강 [실전편] 수능 유형 마스터 4회자막,강의 탑재일 25.03.06 강의시간 47:29
S20240000926,29강 [실전편] 수능 유형 마스터 5회자막,강의 탑재일 25.03.06 강의시간 45:45
S20240000926,30강 [실전편] 수능 유형 마스터 6회자막,강의 탑재일 25.03.06 강의시간 46:48
S20240000927,오리엔테이션자막,강의 탑재일 25.01.22 강의시간 4:14
S20240000927,01강 고대 국가의 정치·사회와 문화자막,강의 탑재일 25.01.22 강의시간 55:52
S20240000927,02강 고려의 정치·사회와 문화자막,강의 탑재일 25.01.22 강의시간 51:29
S20240000927,03강 조선 시대 정치 운영과 세계관의 변화자막,강의 탑재일 25.01.23 강의시간 48:32
S20240000927,04강 양반 신분제 사회와 상품 화폐 경제자막,강의 탑재일 25.01.31 강의시간 52:38
S20240000927,05강 흥선 대원군의 정책과 개항 이후 근대적 개혁의 추진자막,강의 탑재일 25.01.31 강의시간 55:00
S20240000927,06강 근대 국가 수립을 위한 노력자막,강의 탑재일 25.01.31 강의시간 49:25
S20240000927,07강 일본의 침략 확대와 국권 수호 운동자막,강의 탑재일 25.01.31 강의시간 49:21
S20240000927,08강 개항 이후 경제·사회·문화의 변화자막,강의 탑재일 25.02.04 강의시간 49:25
S20240000927,"09강 1910~1920년대 일제의 식민지 정책과 3·1 운동, 대한민국 임시 정부",강의 탑재일 25.02.07 강의시간 49:49
S20240000927,10강 다양한 민족 운동의 전개,강의 탑재일 25.02.04 강의시간 47:27
S20240000927,11강 사회·문화의 변화와 사회 운동,강의 탑재일 25.02.04 강의시간 45:05
S20240000927,12강 전시 동원 체제와 광복을 위한 노력,강의 탑재일 25.02.11 강의시간 49:54
S20240000927,13강 대한민국 정부 수립과 6·25 전쟁,강의 탑재일 25.02.10 강의시간 53:21
S20240000927,14강 민주화를 위한 노력과 경제 성장,강의 탑재일 25.02.11 강의시간 51:48
S20240000927,15강 6월 민주 항쟁 이후 사회와 동아시아 평화를 위한 노력,강의 탑재일 25.02.11 강의시간 51:30
S20240000791,오리엔테이션자막,강의 탑재일 24.12.02 강의시간 13:15
S20240000791,01강 선사 시대~삼국 간의 항쟁(주제1~2)자막,강의 탑재일 24.11.11 강의시간 46:52
S20240000791,02강 남북국 시대~고려의 건국과 통치(주제3~4)자막,강의 탑재일 24.11.11 강의시간 50:36
S20240000791,03강 고려의 대외 관계와 변화~고대의 문화와 고려의 문화(주제5~6)자막,강의 탑재일 24.11.13 강의시간 46:41
S20240000791,04강 조선의 건국과 통치~조선의 대외 관계와 양란(주제7~8)자막,강의 탑재일 24.11.13 강의시간 45:58
S20240000791,05강 조선 후기 정치 변화~조선 후기 사회와 경제(주제9~10)자막,강의 탑재일 24.11.15 강의시간 45:43
S20240000791,06강 흥선 대원군의 정치~개항과 근대적 개혁 추진(주제11~12)자막,강의 탑재일 24.12.03 강의시간 45:45
S20240000791,07강 임오군란과 갑신정변~동학 농민 운동과 갑오‧을미 개혁(주제13~14)자막,강의 탑재일 24.12.03 강의시간 50:45
S20240000791,08강 독립 협회와 대한 제국~일제의 국권 침탈과 의열 활동(주제15~16)자막,강의 탑재일 24.12.10 강의시간 45:01
S20240000791,09강 항일 의병과 애국 계몽 운동~개항 시기 경제와 구국 운동(주제17~18)자막,강의 탑재일 24.12.10 강의시간 45:55
S20240000791,10강 일제의 식민 통치~3‧1 운동과 대한민국 임시 정부(주제19~20)자막,강의 탑재일 24.12.10 강의시간 45:59
S20240000791,11강 1920년대 국내 독립 운동~일제 강점기 국내 다양한 운동(주제21~22)자막,강의 탑재일 24.12.10 강의시간 46:00
S20240000791,12강 만주에서의 독립군 무장 투쟁~한국광복군의 활동과 의열 투쟁(주제23~24)자막,강의 탑재일 24.12.10 강의시간 46:27
S20240000791,13강 대한민국 정부 수립 과정~제헌 국회와 6‧25 전쟁(주제25~26)자막,강의 탑재일 24.12.10 강의시간 47:56
S20240000791,14강 이승만 정부와 4‧19 혁명~박정희 정부와 신군부 세력(주제27~28)자막,강의 탑재일 24.12.10 강의시간 50:42
S20240000791,15강 5‧18 민주화 운동과 6월 민주 항쟁~대한민국 경제와 통일을 위한 노력(주제29~30)자막,강의 탑재일 24.12.16 강의시간 52:14
S20240000835,오리엔테이션자막,강의 탑재일 24.12.02 강의시간 13:15
S20240000835,01강 한국사 기출 120제(001~012)자막,강의 탑재일 24.12.05 강의시간 45:07
S20240000835,02강 한국사 기출 120제(013~024)자막,강의 탑재일 24.12.16 강의시간 45:16
S20240000835,03강 한국사 기출 120제(025~036)자막,강의 탑재일 24.12.17 강의시간 45:50
S20240000835,04강 한국사 기출 120제(037~048)자막,강의 탑재일 24.12.16 강의시간 46:29
S20240000835,05강 한국사 기출 120제(049~060)자막,강의 탑재일 24.12.16 강의시간 45:17
S20240000835,06강 한국사 기출 120제(061~072)자막,강의 탑재일 24.12.16 강의시간 45:05
S20240000835,07강 한국사 기출 120제(073~084)자막,강의 탑재일 24.12.16 강의시간 46:27
S20240000835,08강 한국사 기출 120제(085~096)자막,강의 탑재일 24.12.17 강의시간 45:13
S20240000835,09강 한국사 기출 120제(097~108)자막,강의 탑재일 24.12.17 강의시간 45:04
S20240000835,10강 한국사 기출 120제(109~120)자막,강의 탑재일 24.12.17 강의시간 45:46
S20240000852,충모가 만점을 만든다!,강의 탑재일 24.12.23 강의시간 6:20
S20240000852,01강 Ⅰ-01 고대 국가의 지배 체제와 문화 - 1,강의 탑재일 24.12.23 강의시간 56:44
S20240000852,02강 Ⅰ-01 고대 국가의 지배 체제와 문화 - 2,강의 탑재일 24.12.23 강의시간 58:54
S20240000852,03강 Ⅰ-02 고려의 정치·사회와 문화 - 1,강의 탑재일 25.01.02 강의시간 55:09
S20240000852,04강 Ⅰ-02 고려의 정치·사회와 문화 - 2,강의 탑재일 25.01.02 강의시간 56:19
S20240000852,05강 Ⅰ-03 조선 시대 정치 운영과 세계관의 변화,강의 탑재일 25.01.02 강의시간 59:28
S20240000852,06강 Ⅰ-04 양반 신분제 사회와 상품 화폐 경제,강의 탑재일 25.01.09 강의시간 58:06
S20240000852,07강 Ⅱ-01 서구 열강의 접근과 조선의 대응,강의 탑재일 25.01.10 강의시간 57:22
S20240000852,08강 Ⅱ-02 동아시아의 변화와 근대적 개혁의 추진 - 1,강의 탑재일 25.01.07 강의시간 55:30
S20240000852,09강 Ⅱ-02 동아시아의 변화와 근대적 개혁의 추진 - 2,강의 탑재일 25.01.13 강의시간 55:31
S20240000852,10강 Ⅱ-03 근대 국민 국가 수립을 위한 노력 - 1,강의 탑재일 25.01.10 강의시간 59:49
S20240000852,11강 Ⅱ-03 근대 국민 국가 수립을 위한 노력 - 2,강의 탑재일 25.01.10 강의시간 57:01
S20240000852,12강 Ⅱ-04 일본의 침략 확대와 국권 수호 운동,강의 탑재일 25.01.10 강의시간 55:43
S20240000852,13강 Ⅱ-05 개항 이후 경제와 사회·문화의 변화,강의 탑재일 25.01.10 강의시간 55:35
S20240000852,14강 Ⅲ-01 1910년대~1920년대 일제의 식민지 지배 정책,강의 탑재일 25.01.08 강의시간 52:22
S20240000852,15강 Ⅲ-02 3·1 운동과 대한민국 임시 정부,강의 탑재일 25.01.08 강의시간 58:46
S20240000852,16강 Ⅲ-03 다양한 민족 운동의 전개 - 1,강의 탑재일 25.01.14 강의시간 56:04
S20240000852,17강 Ⅲ-03 다양한 민족 운동의 전개 - 2,강의 탑재일 25.01.15 강의시간 54:16
S20240000852,18강 Ⅲ-04 사회·문화의 변화와 사회 운동,강의 탑재일 25.01.15 강의시간 54:40
S20240000852,19강 Ⅲ-05 전시 동원 체제와 광복을 위한 노력 - 1,강의 탑재일 25.01.14 강의시간 56:10
S20240000852,20강 Ⅲ-05 전시 동원 체제와 광복을 위한 노력 - 2,강의 탑재일 25.01.14 강의시간 52:11
S20240000852,21강 Ⅳ-01 대한민국 정부 수립과 6·25 전쟁 - 1,강의 탑재일 25.01.16 강의시간 55:06
S20240000852,22강 Ⅳ-01 대한민국 정부 수립과 6·25 전쟁 - 2,강의 탑재일 25.01.20 강의시간 55:36
S20240000852,23강 Ⅳ-02 민주화를 위한 노력과 경제 성장 - 1,강의 탑재일 25.01.20 강의시간 55:29
S20240000852,24강 Ⅳ-02 민주화를 위한 노력과 경제 성장 - 2,강의 탑재일 25.01.20 강의시간 53:55
S20240000852,25강 Ⅳ-03 민주주의 발전과 남북 화해 - 1,강의 탑재일 25.01.16 강의시간 60:15
S20240000852,26강 Ⅳ-03 민주주의 발전과 남북 화해 - 2,강의 탑재일 25.01.23 강의시간 55:47
S20240000852,27강 [특강] 4강이면 충분한 한국사 1등급 - 1,강의 탑재일 25.01.23 강의시간 54:34
S20240000852,28강 [특강] 4강이면 충분한 한국사 1등급 - 2,강의 탑재일 25.01.23 강의시간 55:13
S20240000852,29강 [특강] 4강이면 충분한 한국사 1등급 - 3,강의 탑재일 25.01.23 강의시간 53:07
S20240000852,30강 [특강] 4강이면 충분한 한국사 1등급 - 4,강의 탑재일 25.01.23 강의시간 54:00
S20210001278,오리엔테이션,강의 탑재일 21.12.29 강의시간 6:40
S20210001278,01강 한국사 어떻게 공부해야 하는가?,강의 탑재일 21.12.22 강의시간 45:18
S20210001278,02강 삼국시대 1(삼국의 형성),강의 탑재일 21.12.23 강의시간 47:43
S20210001278,03강 삼국시대 2(삼국의 항쟁),강의 탑재일 21.12.22 강의시간 53:20
S20210001278,04강 삼국시대 3(삼국의 통일 과정),강의 탑재일 21.12.29 강의시간 51:26
S20210001278,05강 삼국시대 4(남북국 시대),강의 탑재일 21.12.29 강의시간 52:10
S20210001278,06강 고려시대 1 (태조~성종),강의 탑재일 21.12.29 강의시간 45:47
S20210001278,07강 고려시대 2 (목종~숙종),강의 탑재일 21.12.30 강의시간 45:21
S20210001278,08강 고려시대 3 (예종~의종),강의 탑재일 21.12.30 강의시간 45:02
S20210001278,09강 고려시대 4 (명종~원종),강의 탑재일 21.12.30 강의시간 45:35
S20210001278,10강 고려시대 5 (충렬왕~공양왕),강의 탑재일 21.12.31 강의시간 50:27
S20210001278,11강 조선시대 1 (태조~세종),강의 탑재일 21.12.31 강의시간 51:00
S20210001278,12강 조선시대 2 (문종~연산군),강의 탑재일 22.01.03 강의시간 48:26
S20210001278,13강 조선시대 3 (중종~선조),강의 탑재일 22.01.04 강의시간 46:37
S20210001278,14강 조선시대 4 (선조~효종),강의 탑재일 22.01.04 강의시간 49:11
S20210001278,15강 조선시대 5 (현종~영조),강의 탑재일 22.01.04 강의시간 45:39
S20210001278,16강 조선시대 6 (정조~고종),강의 탑재일 22.01.26 강의시간 48:23
S20210001278,17강 개항기 1(1863년~1873년),강의 탑재일 22.01.26 강의시간 46:21
S20210001278,18강 개항기 2(1874년~1885년),강의 탑재일 22.01.26 강의시간 52:02
S20210001278,19강 개항기 3(1886년~1895년),강의 탑재일 22.02.08 강의시간 48:43
S20210001278,20강 개항기 4(1896년~1903년),강의 탑재일 22.02.08 강의시간 51:32
S20210001278,21강 개항기 5(1904년~1910년),강의 탑재일 22.02.08 강의시간 48:54
S20210001278,22강 일제 강점기 1(1910년~1918년),강의 탑재일 22.03.08 강의시간 44:58
S20210001278,23강 일제 강점기 2(1919년~1920년),강의 탑재일 22.03.08 강의시간 49:23
S20210001278,24강 일제 강점기 3(1921년~1926년),강의 탑재일 22.03.08 강의시간 45:02
S20210001278,25강 일제 강점기 4(1927년~1934년),강의 탑재일 22.03.25 강의시간 45:44
S20210001278,26강 일제 강점기 5(1935년~1945년),강의 탑재일 22.03.15 강의시간 49:31
S20210001278,27강 현대 1(미군정),강의 탑재일 22.03.15 강의시간 49:09
S20210001278,28강 현대 2(이승만 정부),강의 탑재일 22.03.15 강의시간 46:25
S20210001278,29강 현대 3(장면 내각~박정희 정부),강의 탑재일 22.03.15 강의시간 53:46
S20210001278,30강 현대 4(전두환 정부~문재인 정부),강의 탑재일 22.03.15 강의시간 48:33
S20240000928,23분간의 진심어린 오티자막,강의 탑재일 25.01.23 강의시간 22:55
S20240000928,"01강 실천 윤리와 윤리 문제에 대한 탐구 [개념, 문풀]자막",강의 탑재일 25.01.20 강의시간 57:18
S20240000928,02강 실천 윤리와 윤리 문제에 대한 탐구 [문풀]자막,강의 탑재일 25.01.20 강의시간 62:22
S20240000928,03강 윤리 문제에 대한 접근 (동양) [개념 1]자막,강의 탑재일 25.01.22 강의시간 55:40
S20240000928,04강 윤리 문제에 대한 접근 (동양) [개념 2]자막,강의 탑재일 25.01.23 강의시간 61:39
S20240000928,05강 윤리 문제에 대한 접근 (서양) [개념 1]자막,강의 탑재일 25.01.23 강의시간 56:21
S20240000928,06강 윤리 문제에 대한 접근 (서양) [개념 2]자막,강의 탑재일 25.02.03 강의시간 55:45
S20240000928,07강 윤리 문제에 대한 접근 [문풀 1]자막,강의 탑재일 25.01.31 강의시간 56:40
S20240000928,08강 윤리 문제에 대한 접근 [문풀 2]자막,강의 탑재일 25.01.31 강의시간 55:58
S20240000928,09강 삶과 죽음의 윤리[개념]자막,강의 탑재일 25.01.31 강의시간 61:53
S20240000928,"10강 삶과 죽음의 윤리, 생명 윤리 [개념]자막",강의 탑재일 25.01.31 강의시간 54:47
S20240000928,11강 삶과 죽음의 윤리 [문풀]자막,강의 탑재일 25.02.03 강의시간 61:25
S20240000928,12강 생명 윤리 [문풀]자막,강의 탑재일 25.01.31 강의시간 61:44
S20240000928,"13강 사랑과 성 윤리 [개념, 문풀]자막",강의 탑재일 25.02.04 강의시간 58:47
S20240000928,14강 직업과 청렴의 윤리 [개념]자막,강의 탑재일 25.02.04 강의시간 55:21
S20240000928,15강 직업과 청렴의 윤리 [문풀]자막,강의 탑재일 25.02.04 강의시간 58:24
S20240000928,"16강 사회 정의와 윤리 (니부어, 분배) [개념 1]",강의 탑재일 25.02.04 강의시간 55:26
S20240000928,17강 사회 정의와 윤리 (분배) [개념 2],강의 탑재일 25.02.04 강의시간 54:39
S20240000928,18강 사회 정의와 윤리 (분배) [개념 3],강의 탑재일 25.02.04 강의시간 61:29
S20240000928,19강 사회 정의와 윤리 (교정) [개념],강의 탑재일 25.02.06 강의시간 53:42
S20240000928,20강 사회 정의와 윤리 [문풀 1],강의 탑재일 25.02.06 강의시간 60:30
S20240000928,21강 사회 정의와 윤리 [문풀 2],강의 탑재일 25.02.06 강의시간 62:31
S20240000928,22강 국가와 시민의 윤리 [개념 1],강의 탑재일 25.02.20 강의시간 53:00
S20240000928,23강 국가와 시민의 윤리 [개념 2],강의 탑재일 25.02.20 강의시간 52:52
S20240000928,24강 국가와 시민의 윤리 [문풀 1],강의 탑재일 25.02.20 강의시간 50:09
S20240000928,25강 국가와 시민의 윤리 [문풀 2],강의 탑재일 25.02.20 강의시간 57:35
S20240000928,"26강 과학 기술과 윤리, 정보 사회와 윤리 [개념]",강의 탑재일 25.02.24 강의시간 50:59
S20240000928,27강 과학 기술과 윤리 [문풀],강의 탑재일 25.02.24 강의시간 58:09
S20240000928,28강 정보 사회와 윤리 [문풀],강의 탑재일 25.02.24 강의시간 56:13
S20240000928,29강 자연과 윤리 [개념],강의 탑재일 25.02.24 강의시간 60:31
S20240000928,30강 자연과 윤리 [문풀 1],강의 탑재일 25.02.24 강의시간 54:52
S20240000928,31강 자연과 윤리 [문풀 2],강의 탑재일 25.02.24 강의시간 55:05
S20240000928,32강 예술과 대중문화 윤리 [개념],강의 탑재일 25.02.24 강의시간 50:38
S20240000928,33강 예술과 대중문화 윤리 [문풀],강의 탑재일 25.02.25 강의시간 53:27
S20240000928,34강 의식주 윤리와 다문화 사회의 윤리 [개념],강의 탑재일 25.02.24 강의시간 46:09
S20240000928,35강 의식주 윤리와 다문화 사회의 윤리 [문풀],강의 탑재일 25.02.24 강의시간 57:50
S20240000928,"36강 갈등 해결과 소통의 윤리, 민족 통합의 윤리 [개념, 문풀]",강의 탑재일 25.02.24 강의시간 55:51
S20240000928,37강 지구촌 평화의 윤리 [개념 1],강의 탑재일 25.02.28 강의시간 56:18
S20240000928,38강 지구촌 평화의 윤리 [개념 2],강의 탑재일 25.02.28 강의시간 54:14
S20240000928,39강 지구촌 평화의 윤리 [문풀 1],강의 탑재일 25.02.28 강의시간 47:05
S20240000928,40강 지구촌 평화의 윤리 [문풀 2],강의 탑재일 25.02.28 강의시간 53:10
S20240000931,꼼꼼하게 수특 윤사 체크하기자막,강의 탑재일 25.01.22 강의시간 11:13
S20240000931,01강 인간과 윤리 사상 1 (인간의 특성과 본성)자막,강의 탑재일 25.01.22 강의시간 49:13
S20240000931,02강 인간과 윤리 사상 2 (문풀)자막,강의 탑재일 25.01.20 강의시간 49:06
S20240000931,"03강 유교와 인의 윤리 1 (공자, 맹자)자막",강의 탑재일 25.01.22 강의시간 49:28
S20240000931,"04강 유교와 인의 윤리 2 (순자, 성리학①)자막",강의 탑재일 25.01.22 강의시간 49:24
S20240000931,"05강 유교와 인의 윤리 3 (성리학②, 양명학①)자막",강의 탑재일 25.01.23 강의시간 49:14
S20240000931,"06강 유교와 인의 윤리 4 (양명학②, 문풀)자막",강의 탑재일 25.01.23 강의시간 49:35
S20240000931,07강 유교와 인의 윤리 5 (문풀)자막,강의 탑재일 25.01.31 강의시간 49:19
S20240000931,"08강 한국 유교와 도덕적 심성 1 (이황, 이이①)자막",강의 탑재일 25.01.31 강의시간 49:18
S20240000931,"09강 한국 유교와 도덕적 심성 2 (이이②, 정약용①)자막",강의 탑재일 25.01.31 강의시간 49:36
S20240000931,"10강 한국 유교와 도덕적 심성 3 (정약용②, 문풀)자막",강의 탑재일 25.02.05 강의시간 49:16
S20240000931,11강 한국 유교와 도덕적 심성 4 (문풀)자막,강의 탑재일 25.02.07 강의시간 49:23
S20240000931,12강 불교와 자비 및 화합의 윤리 1 (석가모니①)자막,강의 탑재일 25.02.05 강의시간 49:26
S20240000931,"13강 불교와 자비 및 화합의 윤리 2 (석가모니②, 대승불교)자막",강의 탑재일 25.02.12 강의시간 49:33
S20240000931,"14강 불교와 자비 및 화합의 윤리 3 (교종과 선종, 원효)자막",강의 탑재일 25.02.12 강의시간 49:33
S20240000931,"15강 불교와 자비 및 화합의 윤리 4 (의천과 지눌, 문풀)자막",강의 탑재일 25.02.12 강의시간 49:28
S20240000931,16강 불교와 자비 및 화합의 윤리 5 (문풀)자막,강의 탑재일 25.02.17 강의시간 49:26
S20240000931,"17강 도가와 무위자연의 윤리 1 (노자, 장자①)자막",강의 탑재일 25.02.21 강의시간 49:30
S20240000931,"18강 도가와 무위자연의 윤리 2 (장자②, 도교)자막",강의 탑재일 25.02.17 강의시간 49:37
S20240000931,"19강 도가와 무위자연의 윤리 3 (문풀), 한국과 동양 윤리 사상의 의의 1 (실학)자막",강의 탑재일 25.02.19 강의시간 49:35
S20240000931,"20강 한국과 동양 윤리 사상의 의의 2 (강화학파, 위정척사와 개화, 신흥민족종교)자막",강의 탑재일 25.02.19 강의시간 49:41
S20240000931,"21강 한국과 동양 윤리 사상의 의의 3 (문풀), 서양 윤리 사상의 연원과 덕 있는 삶 1 (소피스트)자막",강의 탑재일 25.02.19 강의시간 49:30
S20240000931,"22강 서양 윤리 사상의 연원과 덕 있는 삶 2 (소크라테스, 플라톤①)자막",강의 탑재일 25.02.24 강의시간 49:30
S20240000931,"23강 서양 윤리 사상의 연원과 덕 있는 삶 3 (플라톤②, 아리스토텔레스①)자막",강의 탑재일 25.02.24 강의시간 49:27
S20240000931,"24강 서양 윤리 사상의 연원과 덕 있는 삶 4 (아리스토텔레스②, 문풀)자막",강의 탑재일 25.02.24 강의시간 49:08
S20240000931,"25강 서양 윤리 사상의 연원과 덕 있는 삶 5 (문풀), 행복 추구와 신앙 1 (에피쿠로스①)자막",강의 탑재일 25.03.17 강의시간 49:29
S20240000931,"26강 행복 추구와 신앙 2 (에피쿠로스②, 스토아학파)자막",강의 탑재일 25.03.17 강의시간 49:38
S20240000931,"27강 행복 추구와 신앙 3 (아우구스티누스, 아퀴나스①)자막",강의 탑재일 25.03.17 강의시간 49:29
S20240000931,"28강 행복 추구와 신앙 4 (아퀴나스②, 문풀)자막",강의 탑재일 25.03.22 강의시간 49:30
S20240000931,"29강 행복 추구와 신앙 5 (문풀), 도덕적 판단과 행동의 근거 1 (데카르트, 베이컨)자막",강의 탑재일 25.03.22 강의시간 49:36
S20240000931,"30강 도덕적 판단과 행동의 근거 2 (스피노자, 흄①)자막",강의 탑재일 25.03.22 강의시간 49:34
S20240000931,"31강 도덕적 판단과 행동의 근거 3 (흄②, 문풀)자막",강의 탑재일 25.03.26 강의시간 49:41
S20240000931,"32강 옳고 그름의 기준 1 (칸트, 로스)자막",강의 탑재일 25.03.26 강의시간 49:50
S20240000931,33강 옳고 그름의 기준 2 (벤담과 밀)자막,강의 탑재일 25.03.26 강의시간 49:36
S20240000931,"34강 옳고 그름의 기준 3 (현대 공리주의, 문풀)자막",강의 탑재일 25.03.31 강의시간 49:27
S20240000931,"35강 옳고 그름의 기준 4 (문풀), 현대의 윤리적 삶 1 (실존주의①)자막",강의 탑재일 25.03.31 강의시간 49:35
S20240000931,"36강 현대의 윤리적 삶 2 (실존주의②, 실용주의, 문풀)자막",강의 탑재일 25.03.31 강의시간 49:28
S20240000931,"37강 현대의 윤리적 삶 3 (문풀), 사회사상과 이상 사회 1 (동양의 이상사회론)자막",강의 탑재일 25.04.04 강의시간 49:09
S20240000931,"38강 사회사상과 이상 사회 2 (서양의 이상사회론, 문풀)자막",강의 탑재일 25.04.04 강의시간 49:10
S20240000931,"39강 사회사상과 이상 사회 3 (문풀), 국가와 시민 1 (국가)자막",강의 탑재일 25.04.04 강의시간 49:17
S20240000931,40강 국가와 시민 2 (사회계약설)자막,강의 탑재일 25.04.14 강의시간 49:41
S20240000931,"41강 국가와 시민 3 (자유주의와 공화주의, 문풀)",강의 탑재일 25.04.14 강의시간 49:29
S20240000931,"42강 국가와 시민 4 (문풀), 민주주의와 자본주의 1 (민주주의, 시민불복종)",강의 탑재일 25.04.14 강의시간 49:09
S20240000931,"43강 민주주의와 자본주의 2 (자본주의, 사회주의)",강의 탑재일 25.04.21 강의시간 49:33
S20240000931,44강 민주주의와 자본주의 3 (문풀),강의 탑재일 25.04.21 강의시간 49:24
S20240000931,"45강 평화 사상과 세계 시민 윤리 1 (평화, 세계 시민주의, 해외원조①)",강의 탑재일 25.04.21 강의시간 48:38
S20240000931,"46강 평화 사상과 세계 시민 윤리 2 (해외원조②, 문풀)",강의 탑재일 25.04.21 강의시간 49:53
S20240000929,오리엔테이션,강의 탑재일 25.01.20 강의시간 8:58
S20240000929,01강 윤리학의 분류 & 도덕적 탐구와 성찰,강의 탑재일 25.01.22 강의시간 58:21
S20240000929,02강 윤리 문제에 대한 접근1 (개념 정리),강의 탑재일 25.01.31 강의시간 51:58
S20240000929,03강 윤리 문제에 대한 접근2 (개념 정리),강의 탑재일 25.01.31 강의시간 54:20
S20240000929,04강 윤리 문제에 대한 접근3 (문항 해설),강의 탑재일 25.01.31 강의시간 50:20
S20240000929,05강 죽음의 윤리적 의미,강의 탑재일 25.02.10 강의시간 51:26
S20240000929,06강 죽음과 관련된 윤리적 쟁점 & 생명 윤리,강의 탑재일 25.02.10 강의시간 53:48
S20240000929,07강 사랑과 성 윤리 & 가족 윤리,강의 탑재일 25.02.10 강의시간 48:52
S20240000929,08강 직업과 청렴의 윤리1 (개념 정리),강의 탑재일 25.02.21 강의시간 51:22
S20240000929,09강 직업과 청렴의 윤리2 (문항 해설),강의 탑재일 25.02.21 강의시간 49:59
S20240000929,10강 사회 정의와 윤리1 (개념 정리),강의 탑재일 25.02.21 강의시간 50:41
S20240000929,11강 사회 정의와 윤리2 (개념 정리),강의 탑재일 25.02.26 강의시간 51:10
S20240000929,12강 사회 정의와 윤리3 (개념 정리),강의 탑재일 25.02.26 강의시간 48:54
S20240000929,13강 사회 정의와 윤리4 (문항 해설),강의 탑재일 25.02.26 강의시간 51:51
S20240000929,14강 국가와 시민의 윤리1 (개념 정리),강의 탑재일 25.02.26 강의시간 51:19
S20240000929,15강 국가와 시민의 윤리2 (개념 정리),강의 탑재일 25.03.06 강의시간 49:54
S20240000929,16강 국가와 시민의 윤리3 (문항 해설),강의 탑재일 25.02.28 강의시간 53:20
S20240000929,17강 과학 기술과 윤리,강의 탑재일 25.02.28 강의시간 52:58
S20240000929,18강 정보 사회와 윤리,강의 탑재일 25.03.05 강의시간 52:04
S20240000929,19강 자연과 윤리1 (개념 정리),강의 탑재일 25.03.05 강의시간 52:54
S20240000929,20강 자연과 윤리2 (문항 해설),강의 탑재일 25.03.05 강의시간 51:51
S20240000929,21강 예술과 대중문화 윤리,강의 탑재일 25.03.05 강의시간 51:32
S20240000929,22강 의식주 및 다문화 사회 윤리,강의 탑재일 25.03.05 강의시간 49:27
S20240000929,"23강 갈등 해결과 소통, 민족 통합의 윤리",강의 탑재일 25.03.07 강의시간 51:10
S20240000929,24강 전쟁과 평화의 윤리,강의 탑재일 25.03.07 강의시간 49:07
S20240000929,25강 세계화와 해외 원조의 윤리,강의 탑재일 25.03.07 강의시간 47:41
S20240000933,오리엔테이션자막,강의 탑재일 25.01.20 강의시간 7:29
S20240000933,01강 [01] 우리나라의 위치 특성과 영토(개념)자막,강의 탑재일 25.01.20 강의시간 49:15
S20240000933,02강 [02] 국토 인식의 변화와 지리 정보(개념)자막,강의 탑재일 25.01.20 강의시간 49:21
S20240000933,"03강 [01], [02] 문제풀이자막",강의 탑재일 25.01.31 강의시간 49:09
S20240000933,04강 [03] 한반도의 형성과 산지 지형(개념1)자막,강의 탑재일 25.01.31 강의시간 49:02
S20240000933,05강 [03] 한반도의 형성과 산지 지형(개념2)자막,강의 탑재일 25.01.31 강의시간 49:11
S20240000933,06강 [03] 문제풀이자막,강의 탑재일 25.02.04 강의시간 48:58
S20240000933,07강 [04] 하천 지형과 해안 지형(개념1)자막,강의 탑재일 25.02.03 강의시간 49:15
S20240000933,08강 [04] 하천 지형과 해안 지형(개념2)자막,강의 탑재일 25.02.04 강의시간 49:03
S20240000933,09강 [04] 하천 지형과 해안 지형(개념3)자막,강의 탑재일 25.02.04 강의시간 48:40
S20240000933,10강 [04] 문제풀이자막,강의 탑재일 25.02.14 강의시간 48:42
S20240000933,11강 [05] 화산 지형과 카르스트 지형1(개념)자막,강의 탑재일 25.02.10 강의시간 48:50
S20240000933,12강 [05] 화산 지형과 카르스트 지형2(개념)+문제풀이자막,강의 탑재일 25.02.10 강의시간 48:45
S20240000933,13강 [06] 우리나라의 기후 특성과 주민 생활(개념1)자막,강의 탑재일 25.02.10 강의시간 49:14
S20240000933,14강 [06] 우리나라의 기후 특성과 주민 생활(개념2)자막,강의 탑재일 25.02.14 강의시간 49:17
S20240000933,15강 [06] 문제풀이,강의 탑재일 25.02.18 강의시간 48:32
S20240000933,16강 [07] 자연재해와 기후 변화(개념),강의 탑재일 25.02.14 강의시간 48:56
S20240000933,17강 [07] 문제풀이,강의 탑재일 25.02.17 강의시간 49:06
S20240000933,18강 [08] 촌락의 변화와 도시 발달(개념),강의 탑재일 25.02.17 강의시간 49:26
S20240000933,19강 [08] 촌락의 변화와 도시 발달(개념)+문제풀이,강의 탑재일 25.02.17 강의시간 49:20
S20240000933,20강 [09] 도시 구조와 대도시권(개념),강의 탑재일 25.02.20 강의시간 49:02
S20240000933,21강 [09] 문제풀이,강의 탑재일 25.02.20 강의시간 48:59
S20240000933,22강 [10] 도시 계획과 지역 개발(개념)+문제풀이,강의 탑재일 25.02.20 강의시간 49:06
S20240000933,23강 [11] 자원의 의미와 자원 문제(개념1),강의 탑재일 25.02.24 강의시간 48:58
S20240000933,24강 [11] 자원의 의미와 자원 문제(개념2),강의 탑재일 25.02.24 강의시간 49:06
S20240000933,25강 [11] 문제풀이,강의 탑재일 25.02.24 강의시간 49:25
S20240000933,26강 [12] 농업의 변화와 공업 발달(개념),강의 탑재일 25.03.05 강의시간 49:30
S20240000933,27강 [12] 문제풀이,강의 탑재일 25.03.05 강의시간 48:56
S20240000933,"28강 [13] 교통, 통신의 발달과 서비스업의 변화(개념1)",강의 탑재일 25.03.05 강의시간 48:50
S20240000933,"29강 [13] 교통, 통신의 발달과 서비스업의 변화(개념2)",강의 탑재일 25.03.05 강의시간 48:34
S20240000933,30강 [13] 문제풀이,강의 탑재일 25.03.06 강의시간 48:37
S20240000933,31강 [14] 인구 분포와 인구 구조의 변화(개념),강의 탑재일 25.03.05 강의시간 49:17
S20240000933,32강 [14] 문제풀이,강의 탑재일 25.03.10 강의시간 49:17
S20240000933,33강 [15] 인구 문제와 다문화 공간의 확대(개념),강의 탑재일 25.03.10 강의시간 49:12
S20240000933,34강 [15] 문제풀이,강의 탑재일 25.03.10 강의시간 48:57
S20240000933,35강 [16] 지역의 의미와 북한 지역(개념),강의 탑재일 25.03.12 강의시간 48:42
S20240000933,36강 [16] 문제풀이,강의 탑재일 25.03.12 강의시간 48:40
S20240000933,37강 [17] 수도권과 강원 지방(개념),강의 탑재일 25.03.12 강의시간 48:44
S20240000933,38강 [17] 문제풀이,강의 탑재일 25.03.22 강의시간 48:36
S20240000933,"39강 [18] 충청, 호남, 영남 지방과 제주도(개념)",강의 탑재일 25.03.17 강의시간 49:17
S20240000933,40강 [18] 문제풀이,강의 탑재일 25.03.17 강의시간 49:00
S20240000938,오리엔테이션자막,강의 탑재일 25.01.20 강의시간 12:23
S20240000938,01강 01 동아시아 선사 문화의 전개-국가의 성립과 발전(1)자막,강의 탑재일 25.01.22 강의시간 53:57
S20240000938,02강 01 동아시아 선사 문화의 전개-국가의 성립과 발전(2)자막,강의 탑재일 25.01.22 강의시간 57:10
S20240000938,03강 01 동아시아 선사 문화의 전개-국가의 성립과 발전(3)자막,강의 탑재일 25.01.22 강의시간 52:19
S20240000938,04강 02 인구 이동과 정치ㆍ사회 변동(1)자막,강의 탑재일 25.01.22 강의시간 54:30
S20240000938,05강 02 인구 이동과 정치ㆍ사회 변동(2)자막,강의 탑재일 25.01.22 강의시간 48:22
S20240000938,06강 03 국제 관계의 다원화(1)자막,강의 탑재일 25.01.22 강의시간 47:58
S20240000938,07강 03 국제 관계의 다원화(2)자막,강의 탑재일 25.01.24 강의시간 54:46
S20240000938,08강 03 국제 관계의 다원화(3)자막,강의 탑재일 25.01.23 강의시간 59:02
S20240000938,09강 03 국제 관계의 다원화(4)자막,강의 탑재일 25.01.24 강의시간 56:42
S20240000938,10강 03 국제 관계의 다원화(5)자막,강의 탑재일 25.01.24 강의시간 49:10
S20240000938,11강 04 유학과 불교(1)자막,강의 탑재일 25.01.31 강의시간 57:54
S20240000938,12강 04 유학과 불교(2)자막,강의 탑재일 25.01.31 강의시간 51:49
S20240000938,13강 04 유학과 불교(3)자막,강의 탑재일 25.02.03 강의시간 55:43
S20240000938,14강 05 17세기 전후의 동아시아 전쟁(1)자막,강의 탑재일 25.02.11 강의시간 47:42
S20240000938,15강 05 17세기 전후의 동아시아 전쟁(2)자막,강의 탑재일 25.02.11 강의시간 53:55
S20240000938,16강 05 17세기 전후의 동아시아 전쟁(3)자막,강의 탑재일 25.02.11 강의시간 46:46
S20240000938,"17강 06 교역망이 발달과 은 유통, 사회변동과 서민문화(1)자막",강의 탑재일 25.02.11 강의시간 47:20
S20240000938,"18강 06 교역망이 발달과 은 유통, 사회변동과 서민문화(2)자막",강의 탑재일 25.02.11 강의시간 47:28
S20240000938,"19강 06 교역망이 발달과 은 유통, 사회변동과 서민문화(3)자막",강의 탑재일 25.02.11 강의시간 52:25
S20240000938,"20강 06 교역망이 발달과 은 유통, 사회변동과 서민문화(4)자막",강의 탑재일 25.02.11 강의시간 44:45
S20240000938,21강 07 새로운 국제 질서와 근대화 운동~서양문물의 수용(1)자막,강의 탑재일 25.02.21 강의시간 53:32
S20240000938,22강 07 새로운 국제 질서와 근대화 운동~서양문물의 수용(2)자막,강의 탑재일 25.02.19 강의시간 45:56
S20240000938,23강 07 새로운 국제 질서와 근대화 운동~서양문물의 수용(3)자막,강의 탑재일 25.02.21 강의시간 49:14
S20240000938,24강 07 새로운 국제 질서와 근대화 운동~서양문물의 수용(4자막,강의 탑재일 25.02.19 강의시간 43:02
S20240000938,25강 08 제국주의 침략과 민족 운동(1)자막,강의 탑재일 25.02.21 강의시간 49:34
S20240000938,26강 08 제국주의 침략과 민족 운동(2)자막,강의 탑재일 25.02.21 강의시간 50:17
S20240000938,27강 08 제국주의 침략과 민족 운동(3)자막,강의 탑재일 25.02.21 강의시간 56:11
S20240000938,28강 08 제국주의 침략과 민족 운동(4)자막,강의 탑재일 25.02.21 강의시간 47:04
S20240000938,29강 09 제2차 세계대전 전후 처리와 냉전 체제(1)자막,강의 탑재일 25.02.25 강의시간 45:25
S20240000938,30강 09 제2차 세계대전 전후 처리와 냉전 체제(2)자막,강의 탑재일 25.02.25 강의시간 58:40
S20240000938,31강 09 제2차 세계대전 전후 처리와 냉전 체제(3)자막,강의 탑재일 25.02.25 강의시간 46:06
S20240000938,32강 10 동아시아의 경제 성장과 정치 발전 및 갈등과 화해(1)자막,강의 탑재일 25.02.25 강의시간 44:04
S20240000938,33강 10 동아시아의 경제 성장과 정치 발전 및 갈등과 화해(2),강의 탑재일 25.02.27 강의시간 53:25
S20240000938,34강 10 동아시아의 경제 성장과 정치 발전 및 갈등과 화해(3),강의 탑재일 25.02.27 강의시간 45:25
S20240000938,"35강 [모고대비] 수능특강 1,2단원 실력플러스 문항",강의 탑재일 25.02.27 강의시간 46:17
S20240000938,"36강 [모고대비] 수능특강 3,4단원 실력플러스 문항",강의 탑재일 25.02.27 강의시간 43:28
S20240000938,"37강 [모고대비] 수능특강 4,5단원 실력플러스 문항",강의 탑재일 25.02.28 강의시간 44:33
S20240000938,38강 [모고대비] 수능특강 고난도 문항_미니테스트1,강의 탑재일 25.02.28 강의시간 45:22
S20240000938,39강 [모고대비] 수능특강 고난도 문항_미니테스트2,강의 탑재일 25.03.06 강의시간 44:06
S20240000938,40강 [모고대비] 수능특강 고난도 문항_미니테스트3,강의 탑재일 25.02.28 강의시간 46:58
S20240000794,오리엔테이션자막,강의 탑재일 24.11.21 강의시간 7:22
S20240000794,01강 1. 사회·문화현상의 이해 (1)자막,강의 탑재일 24.11.20 강의시간 53:23
S20240000794,02강 1. 사회·문화현상의 이해 (2)자막,강의 탑재일 24.11.20 강의시간 50:35
S20240000794,03강 1. 사회·문화현상의 이해 (3)자막,강의 탑재일 24.11.20 강의시간 50:09
S20240000794,04강 2. 사회·문화현상의 연구 방법 (1)자막,강의 탑재일 24.11.22 강의시간 50:16
S20240000794,05강 2. 사회·문화현상의 연구 방법 (2)자막,강의 탑재일 24.11.22 강의시간 51:11
S20240000794,06강 3. 자료 수집 방법 (1)자막,강의 탑재일 24.11.27 강의시간 49:52
S20240000794,07강 3. 자료 수집 방법 (2)자막,강의 탑재일 24.11.27 강의시간 46:19
S20240000794,08강 4. 사회·문화현상의 탐구태도와 윤리자막,강의 탑재일 24.11.28 강의시간 45:18
S20240000794,09강 5. 사회적 존재로서의 인간 (1)자막,강의 탑재일 24.12.05 강의시간 51:33
S20240000794,10강 5. 사회적 존재로서의 인간 (2)자막,강의 탑재일 24.12.05 강의시간 48:49
S20240000794,11강 6. 사회집단과 사회조직 (1)자막,강의 탑재일 24.12.11 강의시간 45:28
S20240000794,12강 6. 사회집단과 사회조직 (2)자막,강의 탑재일 24.12.11 강의시간 45:34
S20240000794,13강 6. 사회집단과 사회조직 (3)자막,강의 탑재일 24.12.16 강의시간 47:44
S20240000794,14강 7. 사회 구조와 일탈 행동 (1)자막,강의 탑재일 24.12.16 강의시간 51:02
S20240000794,15강 7. 사회 구조와 일탈 행동 (2)자막,강의 탑재일 24.12.16 강의시간 46:07
S20240000794,16강 8. 문화의 이해 (1)자막,강의 탑재일 24.12.19 강의시간 50:39
S20240000794,17강 8. 문화의 이해 (2)자막,강의 탑재일 24.12.19 강의시간 45:54
S20240000794,18강 9. 현대 사회의 문화 양상자막,강의 탑재일 24.12.26 강의시간 47:48
S20240000794,19강 10. 문화 변동의 양상과 대응 (1)자막,강의 탑재일 24.12.26 강의시간 47:45
S20240000794,20강 10. 문화 변동의 양상과 대응 (2)자막,강의 탑재일 24.12.26 강의시간 51:16
S20240000794,21강 11. 사회 불평등 현상의 이해자막,강의 탑재일 24.12.27 강의시간 46:26
S20240000794,22강 12. 사회 이동과 계층 구조 (1)자막,강의 탑재일 24.12.27 강의시간 49:30
S20240000794,23강 12. 사회 이동과 계층 구조 (2)자막,강의 탑재일 25.01.02 강의시간 48:10
S20240000794,24강 13. 다양한 사회 불평등 현상 (1)자막,강의 탑재일 25.01.02 강의시간 48:32
S20240000794,25강 13. 다양한 사회 불평등 현상 (2)자막,강의 탑재일 25.01.02 강의시간 48:52
S20240000794,26강 14. 사회 복지와 복지 제도 (1)자막,강의 탑재일 25.01.03 강의시간 47:50
S20240000794,27강 14. 사회 복지와 복지 제도 (2)자막,강의 탑재일 25.01.03 강의시간 46:54
S20240000794,28강 15. 사회 변동과 사회 운동자막,강의 탑재일 25.01.07 강의시간 49:15
S20240000794,29강 16. 현대 사회의 변화와 전 지구적 수준의 문제 (1)자막,강의 탑재일 25.01.14 강의시간 45:43
S20240000794,30강 16. 현대 사회의 변화와 전 지구적 수준의 문제 (2)자막,강의 탑재일 25.01.07 강의시간 50:21
S20240000945,오리엔테이션자막,강의 탑재일 25.01.23 강의시간 8:50
S20240000945,01강 01.사회․문화 현상의 이해 (1)자막,강의 탑재일 25.01.23 강의시간 54:15
S20240000945,02강 01.사회․문화 현상의 이해 (2)자막,강의 탑재일 25.02.04 강의시간 53:26
S20240000945,03강 01.사회․문화 현상의 이해 (3)자막,강의 탑재일 25.02.04 강의시간 52:37
S20240000945,04강 02. 사회․문화현상의 연구 방법 (1)자막,강의 탑재일 25.02.04 강의시간 50:30
S20240000945,05강 02. 사회․문화현상의 연구 방법 (2)자막,강의 탑재일 25.02.07 강의시간 49:24
S20240000945,06강 02. 사회․문화현상의 연구 방법 (3)자막,강의 탑재일 25.02.07 강의시간 51:38
S20240000945,07강 03. 자료 수집 방법 (1)자막,강의 탑재일 25.02.14 강의시간 53:11
S20240000945,08강 03. 자료 수집 방법 (2)자막,강의 탑재일 25.02.14 강의시간 55:17
S20240000945,09강 04. 사회․문화 현상의 탐구 태도와 연구 윤리 (1)자막,강의 탑재일 25.02.14 강의시간 50:00
S20240000945,10강 04. 사회․문화 현상의 탐구 태도와 연구 윤리 (2)자막,강의 탑재일 25.02.14 강의시간 47:29
S20240000945,11강 05. 사회적 존재로서의 인간 (1),강의 탑재일 25.02.14 강의시간 50:29
S20240000945,12강 05. 사회적 존재로서의 인간 (2),강의 탑재일 25.02.21 강의시간 51:04
S20240000945,13강 06. 사회집단과 사회조직 (1),강의 탑재일 25.02.25 강의시간 52:07
S20240000945,14강 06. 사회집단과 사회조직 (2),강의 탑재일 25.02.21 강의시간 47:39
S20240000945,15강 06. 사회집단과 사회조직 (3),강의 탑재일 25.02.21 강의시간 50:03
S20240000945,16강 07. 사회구조와 일탈 행동 (1),강의 탑재일 25.02.21 강의시간 50:06
S20240000945,17강 07. 사회구조와 일탈 행동 (2),강의 탑재일 25.02.26 강의시간 49:55
S20240000945,18강 07. 사회구조와 일탈 행동 (3),강의 탑재일 25.02.26 강의시간 46:52
S20240000945,19강 08. 문화의 이해 (1),강의 탑재일 25.02.28 강의시간 52:26
S20240000945,20강 08. 문화의 이해 (2),강의 탑재일 25.02.28 강의시간 51:56
S20240000945,21강 09. 현대 사회의 문화 양상 (1),강의 탑재일 25.02.28 강의시간 49:04
S20240000945,22강 09. 현대 사회의 문화 양상 (2),강의 탑재일 25.03.05 강의시간 46:31
S20240000945,23강 10. 문화 변동의 양상과 대응 (1),강의 탑재일 25.03.05 강의시간 46:18
S20240000945,24강 10. 문화 변동의 양상과 대응 (2),강의 탑재일 25.03.05 강의시간 45:30
S20240000945,25강 10. 문화 변동의 양상과 대응 (3),강의 탑재일 25.03.05 강의시간 44:47
S20240000945,26강 11. 사회 불평등 현상의 이해 (1),강의 탑재일 25.03.13 강의시간 47:31
S20240000945,27강 11. 사회 불평등 현상의 이해 (2),강의 탑재일 25.03.13 강의시간 47:32
S20240000945,28강 12. 사회 이동과 사회 계층 구조 (1),강의 탑재일 25.03.12 강의시간 44:32
S20240000945,29강 12. 사회 이동과 사회 계층 구조 (2),강의 탑재일 25.03.12 강의시간 47:13
S20240000945,30강 12. 사회 이동과 사회 계층 구조 (3),강의 탑재일 25.03.13 강의시간 45:31
S20240000945,31강 13. 다양한 사회 불평등 현상 (1),강의 탑재일 25.03.19 강의시간 50:07
S20240000945,32강 13. 다양한 사회 불평등 현상 (2),강의 탑재일 25.03.19 강의시간 47:38
S20240000945,33강 13. 다양한 사회 불평등 현상 (3),강의 탑재일 25.03.19 강의시간 47:53
S20240000945,34강 14. 사회 복지와 복지 제도 (1),강의 탑재일 25.03.19 강의시간 47:14
S20240000945,35강 14. 사회 복지와 복지 제도 (2),강의 탑재일 25.03.20 강의시간 47:45
S20240000945,36강 14. 사회 복지와 복지 제도 (3),강의 탑재일 25.03.22 강의시간 49:13
S20240000945,37강 15. 사회 변동과 사회 운동 (1),강의 탑재일 25.03.22 강의시간 45:38
S20240000945,38강 15. 사회 변동과 사회 운동 (2),강의 탑재일 25.03.22 강의시간 46:58
S20240000945,39강 16. 현대 사회의 변화와 전 지구적 수준의 문제 (1),강의 탑재일 25.03.22 강의시간 48:08
S20240000945,40강 16. 현대 사회의 변화와 전 지구적 수준의 문제 (2),강의 탑재일 25.03.22 강의시간 53:48
S20240000963,오리엔테이션,강의 탑재일 25.01.31 강의시간 5:37
S20240000963,01강 판 구조론과 대륙 분포의 변화 (1),강의 탑재일 25.01.17 강의시간 49:22
S20240000963,02강 판 구조론과 대륙 분포의 변화 (2),강의 탑재일 25.01.17 강의시간 49:47
S20240000963,03강 판 구조론과 대륙 분포의 변화 (3),강의 탑재일 25.01.17 강의시간 51:47
S20240000963,04강 판 이동의 원동력과 마그마 활동 (1),강의 탑재일 25.01.24 강의시간 48:47
S20240000963,05강 판 이동의 원동력과 마그마 활동 (2),강의 탑재일 25.01.24 강의시간 50:23
S20240000963,06강 판 이동의 원동력과 마그마 활동 (3),강의 탑재일 25.01.24 강의시간 49:27
S20240000963,07강 퇴적암과 지질 구조 (1),강의 탑재일 25.02.03 강의시간 50:27
S20240000963,08강 퇴적암과 지질 구조 (2),강의 탑재일 25.02.04 강의시간 47:22
S20240000963,09강 지구의 역사 (1),강의 탑재일 25.02.04 강의시간 48:28
S20240000963,10강 지구의 역사 (2),강의 탑재일 25.02.03 강의시간 46:48
S20240000963,11강 지구의 역사 (3),강의 탑재일 25.02.03 강의시간 49:22
S20240000963,12강 대기의 변화 (1),강의 탑재일 25.02.03 강의시간 48:30
S20240000963,13강 대기의 변화 (2),강의 탑재일 25.02.03 강의시간 48:14
S20240000963,14강 대기의 변화 (3),강의 탑재일 25.02.04 강의시간 50:35
S20240000963,15강 대기의 변화 (4),강의 탑재일 25.02.04 강의시간 52:07
S20240000963,16강 해양의 변화 (1),강의 탑재일 25.02.04 강의시간 49:55
S20240000963,17강 해양의 변화 (2),강의 탑재일 25.02.07 강의시간 48:39
S20240000963,18강 해양의 변화 (3),강의 탑재일 25.02.07 강의시간 48:06
S20240000963,19강 해양의 변화 (4),강의 탑재일 25.02.07 강의시간 49:03
S20240000963,20강 대기와 해양의 상호 작용 (1),강의 탑재일 25.02.14 강의시간 48:06
S20240000963,21강 대기와 해양의 상호 작용 (2),강의 탑재일 25.02.11 강의시간 46:57
S20240000963,22강 대기와 해양의 상호 작용 (3),강의 탑재일 25.02.11 강의시간 48:01
S20240000963,23강 대기와 해양의 상호 작용 (4),강의 탑재일 25.02.11 강의시간 48:29
S20240000963,24강 별의 특성 (1),강의 탑재일 25.02.17 강의시간 52:57
S20240000963,25강 별의 특성 (2),강의 탑재일 25.02.17 강의시간 50:24
S20240000963,26강 별의 특성 (3),강의 탑재일 25.02.17 강의시간 48:48
S20240000963,27강 별의 특성 (4),강의 탑재일 25.02.17 강의시간 47:40
S20240000963,28강 별의 특성 (5),강의 탑재일 25.02.17 강의시간 48:53
S20240000963,29강 외계 행성계와 외계 생명체 탐사 (1),강의 탑재일 25.02.18 강의시간 48:58
S20240000963,30강 외계 행성계와 외계 생명체 탐사 (2),강의 탑재일 25.02.18 강의시간 48:57
S20240000963,31강 외계 행성계와 외계 생명체 탐사 (3),강의 탑재일 25.02.18 강의시간 56:28
S20240000963,32강 외부 은하와 우주 팽창 (1),강의 탑재일 25.02.24 강의시간 50:29
S20240000963,33강 외부 은하와 우주 팽창 (2),강의 탑재일 25.02.24 강의시간 47:50
S20240000963,34강 외부 은하와 우주 팽창 (3),강의 탑재일 25.02.24 강의시간 47:01
S20240000963,35강 외부 은하와 우주 팽창 (4),강의 탑재일 25.02.24 강의시간 49:02
S20240000958,오리엔테이션자막,강의 탑재일 25.03.17 강의시간 3:30
S20240000958,01강 [1단원] 생명 과학의 이해자막,강의 탑재일 25.01.21 강의시간 57:41
S20240000958,02강 [1단원] 수능 테스트자막,강의 탑재일 25.01.21 강의시간 54:29
S20240000958,03강 [2단원] 생명 활동과 에너지 + 수능 테스트 (1)자막,강의 탑재일 25.01.20 강의시간 57:42
S20240000958,04강 [2단원] 수능 테스트(2) + 대사성 질환과 에너지 균형자막,강의 탑재일 25.01.31 강의시간 54:27
S20240000958,05강 [2단원] 기관계와 에너지 대사+ 수능 테스트(1)자막,강의 탑재일 25.01.31 강의시간 55:04
S20240000958,06강 [2단원] 수능 테스트(2)자막,강의 탑재일 25.01.31 강의시간 56:10
S20240000958,07강 [5단원] 생태계의 구성과 기능(1)자막,강의 탑재일 25.02.03 강의시간 53:29
S20240000958,08강 [5단원] 생태계의 구성과 기능(2) + 수능 테스트(1)자막,강의 탑재일 25.02.03 강의시간 53:56
S20240000958,09강 [5단원] 수능 테스트(2)자막,강의 탑재일 25.02.03 강의시간 54:48
S20240000958,"10강 [5단원] 에너지 흐름과 물질 순환, 생물 다양성자막",강의 탑재일 25.02.03 강의시간 50:50
S20240000958,11강 [5단원] 수능 테스트자막,강의 탑재일 25.02.11 강의시간 51:59
S20240000958,12강 [3단원] 흥분의 전도와 전달(1)자막,강의 탑재일 25.02.11 강의시간 58:37
S20240000958,13강 [3단원] 흥분의 전도와 전달(2) + 근육의 수축자막,강의 탑재일 25.02.11 강의시간 59:27
S20240000958,14강 [3단원] 수능 테스트(1)자막,강의 탑재일 25.02.12 강의시간 57:18
S20240000958,15강 [3단원] 수능 테스트(2)자막,강의 탑재일 25.02.17 강의시간 77:12
S20240000958,16강 [3단원] 신경계(1) + 수능 테스트(1)자막,강의 탑재일 25.02.17 강의시간 53:20
S20240000958,17강 [3단원] 수능 테스트(2)자막,강의 탑재일 25.02.17 강의시간 58:58
S20240000958,18강 [3단원] 항상성자막,강의 탑재일 25.03.04 강의시간 57:00
S20240000958,19강 [3단원] 수능 테스트(1)자막,강의 탑재일 25.03.04 강의시간 46:23
S20240000958,20강 [3단원] 수능 테스트(2)자막,강의 탑재일 25.03.04 강의시간 48:24
S20240000958,21강 [3단원] 방어 작용,강의 탑재일 25.03.05 강의시간 60:42
S20240000958,22강 [3단원] 수능 테스트(1),강의 탑재일 25.03.05 강의시간 48:44
S20240000958,23강 [3단원] 수능 테스트(2),강의 탑재일 25.03.04 강의시간 53:48
S20240000958,"24강 [4단원] 염색체와 유전자, 세포 주기",강의 탑재일 25.03.12 강의시간 56:16
S20240000958,"25강 [4단원] 세포 분열, 핵심 TIP",강의 탑재일 25.03.13 강의시간 56:12
S20240000958,26강 [4단원] 수능 테스트 (1),강의 탑재일 25.03.12 강의시간 59:42
S20240000958,27강 [4단원] 수능 테스트 (2),강의 탑재일 25.03.13 강의시간 55:49
S20240000958,28강 [4단원] 사람의 유전(1),강의 탑재일 25.03.18 강의시간 56:53
S20240000958,29강 [4단원] 사람의 유전(2),강의 탑재일 25.03.18 강의시간 56:25
S20240000958,30강 [4단원] 수능 테스트 (1),강의 탑재일 25.03.18 강의시간 51:53
S20240000958,31강 [4단원] 수능 테스트 (2),강의 탑재일 25.03.18 강의시간 58:21
S20240000958,32강 [4단원] 수능 테스트 (3) + 사람의 유전병(1),강의 탑재일 25.03.25 강의시간 56:03
S20240000958,33강 [4단원] 사람의 유전병(2) + 수능 테스트 (1),강의 탑재일 25.03.25 강의시간 55:42
S20240000958,34강 [4단원] 수능 테스트 (2),강의 탑재일 25.03.25 강의시간 54:41
S20240000958,35강 [4단원] 수능 테스트 (3),강의 탑재일 25.03.25 강의시간 60:35
S20240000953,오리엔테이션자막,강의 탑재일 25.04.01 강의시간 4:32
S20240000953,01강 우리 생활 속의 화학자막,강의 탑재일 25.01.22 강의시간 50:54
S20240000953,02강 화학식량과 몰 (1)자막,강의 탑재일 25.01.22 강의시간 48:49
S20240000953,03강 화학식량과 몰 (2)자막,강의 탑재일 25.02.03 강의시간 58:22
S20240000953,04강 화학식량과 몰 (3)자막,강의 탑재일 25.02.03 강의시간 59:10
S20240000953,05강 화학 반응식과 용액의 농도 (1)자막,강의 탑재일 25.02.03 강의시간 48:53
S20240000953,06강 화학 반응식과 용액의 농도 (2)자막,강의 탑재일 25.02.14 강의시간 63:24
S20240000953,07강 화학 반응식과 용액의 농도 (3)자막,강의 탑재일 25.02.11 강의시간 53:27
S20240000953,08강 화학 반응식과 용액의 농도 (4)자막,강의 탑재일 25.02.11 강의시간 63:07
S20240000953,09강 화학 반응식과 용액의 농도 (5)자막,강의 탑재일 25.02.18 강의시간 53:37
S20240000953,10강 원자의 구조 (1)자막,강의 탑재일 25.02.17 강의시간 49:26
S20240000953,11강 원자의 구조 (2)자막,강의 탑재일 25.02.17 강의시간 48:29
S20240000953,12강 현대적 원자 모형과 전자 배치 (1)자막,강의 탑재일 25.02.17 강의시간 53:35
S20240000953,13강 현대적 원자 모형과 전자 배치 (2)자막,강의 탑재일 25.02.18 강의시간 50:17
S20240000953,14강 현대적 원자 모형과 전자 배치 (3)자막,강의 탑재일 25.02.17 강의시간 50:45
S20240000953,15강 원소의 주기적 성질 (1)자막,강의 탑재일 25.02.25 강의시간 56:26
S20240000953,16강 원소의 주기적 성질 (2)자막,강의 탑재일 25.02.24 강의시간 60:46
S20240000953,17강 원소의 주기적 성질 (3)자막,강의 탑재일 25.02.24 강의시간 48:29
S20240000953,18강 원소의 주기적 성질 (4)자막,강의 탑재일 25.02.25 강의시간 50:30
S20240000953,19강 이온 결합자막,강의 탑재일 25.02.25 강의시간 62:36
S20240000953,20강 공유 결합과 결합의 극성 (1)자막,강의 탑재일 25.02.25 강의시간 50:53
S20240000953,21강 공유 결합과 결합의 극성 (2)자막,강의 탑재일 25.03.04 강의시간 52:33
S20240000953,"22강 공유 결합과 결합의 극성 (3), 분자의 구조와 성질 (1)자막",강의 탑재일 25.03.05 강의시간 55:45
S20240000953,23강 분자의 구조와 성질 (2)자막,강의 탑재일 25.03.04 강의시간 48:47
S20240000953,24강 분자의 구조와 성질 (3)자막,강의 탑재일 25.03.04 강의시간 56:11
S20240000953,25강 동적 평형 (1)자막,강의 탑재일 25.03.05 강의시간 48:49
S20240000953,26강 동적 평형 (2)자막,강의 탑재일 25.03.05 강의시간 58:41
S20240000953,27강 동적 평형 (3)자막,강의 탑재일 25.03.11 강의시간 60:41
S20240000953,28강 산 염기와 중화 반응 (1)자막,강의 탑재일 25.03.11 강의시간 57:40
S20240000953,29강 산 염기와 중화 반응 (2)자막,강의 탑재일 25.03.11 강의시간 50:28
S20240000953,30강 산 염기와 중화 반응 (3)자막,강의 탑재일 25.03.11 강의시간 51:10
S20240000953,31강 산 염기와 중화 반응 (4),강의 탑재일 25.03.18 강의시간 50:23
S20240000953,32강 산 염기와 중화 반응 (5),강의 탑재일 25.03.11 강의시간 63:38
S20240000953,33강 산화 환원 반응과 화학 반응에서 출입하는 열 (1),강의 탑재일 25.03.17 강의시간 52:07
S20240000953,34강 산화 환원 반응과 화학 반응에서 출입하는 열 (2),강의 탑재일 25.03.18 강의시간 63:33
S20240000953,35강 산화 환원 반응과 화학 반응에서 출입하는 열 (3),강의 탑재일 25.03.17 강의시간 74:39
S20240000960,오리엔테이션자막,강의 탑재일 25.01.31 강의시간 1:55
S20240000960,"01강 생명과학의 이해, 사람의 물질대사(1)자막",강의 탑재일 25.01.22 강의시간 56:53
S20240000960,"02강 사람의 물질대사(2), 자극의 전달(1)자막",강의 탑재일 25.01.22 강의시간 51:40
S20240000960,03강 자극의 전달(2)자막,강의 탑재일 25.01.22 강의시간 46:07
S20240000960,"04강 신경계, 호르몬(1)자막",강의 탑재일 25.01.23 강의시간 53:05
S20240000960,"05강 호르몬(2), 방어 작용(1)자막",강의 탑재일 25.01.23 강의시간 48:43
S20240000960,"06강 방어 작용(2), 유전 정보와 염색체(1)자막",강의 탑재일 25.01.23 강의시간 53:54
S20240000960,07강 유전 정보와 염색체(2)자막,강의 탑재일 25.02.06 강의시간 49:38
S20240000960,"08강 유전 정보와 염색체(3), 사람의 유전(1)자막",강의 탑재일 25.02.06 강의시간 51:20
S20240000960,09강 사람의 유전(2)자막,강의 탑재일 25.02.06 강의시간 49:17
S20240000960,"10강 사람의 유전(3), 사람의 유전병(1)자막",강의 탑재일 25.02.13 강의시간 55:25
S20240000960,11강 사람의 유전병(2)자막,강의 탑재일 25.02.13 강의시간 48:16
S20240000960,"12강 사람의 유전병(3), 생태계와 상호 작용자막",강의 탑재일 25.02.12 강의시간 51:42
S20240000959,오리엔테이션,강의 탑재일 25.02.07 강의시간 4:20
S20240000959,01강 생명과학의 이해,강의 탑재일 25.01.22 강의시간 48:35
S20240000959,02강 사람의 물질대사,강의 탑재일 25.01.31 강의시간 59:42
S20240000959,03강 자극의 전달(1),강의 탑재일 25.01.31 강의시간 52:17
S20240000959,04강 자극의 전달(2),강의 탑재일 25.01.24 강의시간 51:16
S20240000959,05강 신경계,강의 탑재일 25.01.24 강의시간 48:45
S20240000959,06강 항상성,강의 탑재일 25.01.24 강의시간 53:45
S20240000959,07강 방어 작용,강의 탑재일 25.02.07 강의시간 54:27
S20240000959,08강 유전 정보와 염색체,강의 탑재일 25.02.07 강의시간 62:07
S20240000959,09강 사람의 유전(1),강의 탑재일 25.02.07 강의시간 50:31
S20240000959,10강 사람의 유전(2),강의 탑재일 25.02.17 강의시간 53:10
S20240000959,11강 사람의 유전병,강의 탑재일 25.02.17 강의시간 48:03
S20240000959,12강 생태계와 상호 작용,강의 탑재일 25.02.18 강의시간 69:17
S20240000965,오리엔테이션,강의 탑재일 25.04.02 강의시간 4:37
S20240000965,01강 판 구조론과 대륙 분포의 변화,강의 탑재일 25.01.20 강의시간 58:17
S20240000965,02강 판 이동의 원동력과 마그마 활동,강의 탑재일 25.01.20 강의시간 52:53
S20240000965,03강 퇴적암과 지질 구조,강의 탑재일 25.01.20 강의시간 51:19
S20240000965,04강 지구의 역사,강의 탑재일 25.01.31 강의시간 56:27
S20240000965,05강 대기의 변화,강의 탑재일 25.01.31 강의시간 56:27
S20240000965,06강 해양의 변화,강의 탑재일 25.01.31 강의시간 49:11
S20240000965,07강 대기와 해양의 상호 작용,강의 탑재일 25.02.04 강의시간 53:39
S20240000965,08강 별의 특성(1),강의 탑재일 25.02.03 강의시간 50:45
S20240000965,09강 별의 특성(2),강의 탑재일 25.02.03 강의시간 48:59
S20240000965,10강 외계 행성계와 외계 생명체 탐사,강의 탑재일 25.02.11 강의시간 52:34
S20240000965,11강 외부 은하와 우주 팽창(1),강의 탑재일 25.02.11 강의시간 51:14
S20240000965,12강 외부 은하와 우주 팽창(2),강의 탑재일 25.02.11 강의시간 49:10
S20240000859,오리엔테이션,강의 탑재일 25.02.04 강의시간 3:48
S20240000859,01강 판 구조론과 판의 이동(1),강의 탑재일 24.12.17 강의시간 49:15
S20240000859,02강 판 구조론과 판의 이동(2),강의 탑재일 24.12.17 강의시간 48:39
S20240000859,03강 판 구조론과 판의 이동(3),강의 탑재일 24.12.17 강의시간 49:01
S20240000859,04강 지구 내부 운동과 마그마 활동(1),강의 탑재일 24.12.24 강의시간 48:49
S20240000859,05강 지구 내부 운동과 마그마 활동(2),강의 탑재일 24.12.24 강의시간 48:51
S20240000859,06강 지구 내부 운동과 마그마 활동(3),강의 탑재일 24.12.24 강의시간 48:33
S20240000859,07강 지구 내부 운동과 마그마 활동(4),강의 탑재일 24.12.24 강의시간 48:51
S20240000859,08강 지구의 역사(1),강의 탑재일 24.12.27 강의시간 48:30
S20240000859,09강 지구의 역사(2),강의 탑재일 24.12.27 강의시간 48:33
S20240000859,10강 지구의 역사(3),강의 탑재일 24.12.27 강의시간 48:58
S20240000859,11강 지구의 역사(4),강의 탑재일 24.12.31 강의시간 48:24
S20240000859,12강 지구의 역사(5),강의 탑재일 24.12.31 강의시간 49:26
S20240000859,13강 대기의 변화(1),강의 탑재일 24.12.31 강의시간 48:45
S20240000859,14강 대기의 변화(2),강의 탑재일 25.01.07 강의시간 48:50
S20240000859,15강 대기의 변화(3),강의 탑재일 25.01.06 강의시간 49:19
S20240000859,16강 대기의 변화(4),강의 탑재일 25.01.06 강의시간 48:59
S20240000859,17강 대기의 변화(5),강의 탑재일 25.01.06 강의시간 49:05
S20240000859,18강 해양의 변화(1),강의 탑재일 25.01.08 강의시간 49:26
S20240000859,19강 해양의 변화(2),강의 탑재일 25.01.08 강의시간 49:02
S20240000859,20강 해양의 변화(3),강의 탑재일 25.01.08 강의시간 48:57
S20240000859,21강 해양의 변화(4),강의 탑재일 24.12.31 강의시간 49:15
S20240000859,22강 해양의 변화(5),강의 탑재일 24.12.31 강의시간 49:15
S20240000859,23강 대기와 해양의 상호 작용(1),강의 탑재일 24.12.31 강의시간 48:54
S20240000859,24강 대기와 해양의 상호 작용(2),강의 탑재일 24.12.31 강의시간 48:38
S20240000859,25강 대기와 해양의 상호 작용(3),강의 탑재일 24.12.31 강의시간 49:06
S20240000859,26강 대기와 해양의 상호 작용(4),강의 탑재일 24.12.31 강의시간 49:12
S20240000859,27강 대기와 해양의 상호 작용(5),강의 탑재일 25.01.06 강의시간 48:24
S20240000859,28강 별과 외계 행성계(1),강의 탑재일 25.01.06 강의시간 49:02
S20240000859,29강 별과 외계 행성계(2),강의 탑재일 25.01.06 강의시간 48:39
S20240000859,30강 별과 외계 행성계(3),강의 탑재일 25.01.06 강의시간 48:45
S20240000859,31강 별과 외계 행성계(4),강의 탑재일 24.12.31 강의시간 48:50
S20240000859,32강 별과 외계 행성계(5),강의 탑재일 25.01.06 강의시간 49:24
S20240000859,33강 별과 외계 행성계(6),강의 탑재일 25.01.06 강의시간 48:57
S20240000859,34강 별과 외계 행성계(7),강의 탑재일 25.01.06 강의시간 50:01
S20240000859,35강 별과 외계 행성계(8),강의 탑재일 25.01.13 강의시간 49:34
S20240000859,36강 외부 은하와 우주 팽창(1),강의 탑재일 25.01.13 강의시간 49:44
S20240000859,37강 외부 은하와 우주 팽창(2),강의 탑재일 25.01.13 강의시간 49:30
S20240000859,38강 외부 은하와 우주 팽창(3),강의 탑재일 25.01.31 강의시간 49:35
S20240000859,39강 외부 은하와 우주 팽창(4),강의 탑재일 25.01.31 강의시간 49:08
S20240000859,40강 외부 은하와 우주 팽창(5),강의 탑재일 25.01.31 강의시간 48:47
